112,117,56,104,104
"[(40, 2474815, 61.3, 5184000), (39, 2457511, 62.2, 5184000), (27, 2422511, 63.4, 5184000), (28, 2420957, 62.1, 5184000), (38, 2307970, 64.4, 5184000), (34, 2305289, 62.8, 5184000), (35, 2266586, 64.7, 5184000), (16, 2263394, 66.4, 5184000), (23, 2252292, 62.7, 5184000), (17, 2248939, 63.6, 5184000), (32, 2231761, 62.9, 5184000), (31, 2208801, 63.6, 5184000), (37, 2206890, 65.3, 5184000), (10, 2186814, 63.4, 5184000), (36, 2165891, 65.8, 5184000), (33, 2162797, 64.8, 5184000), (25, 2154285, 65.9, 5184000), (20, 2139767, 67.5, 5184000), (24, 2138087, 65.8, 5184000), (14, 2132382, 66.5, 5184000), (13, 2126096, 67.0, 5184000), (22, 2110458, 63.6, 5184000), (21, 2100518, 66.4, 5184000), (15, 2096640, 67.5, 5184000), (30, 2072238, 66.1, 5184000), (9, 2050265, 65.1, 5184000), (11, 1992865, 67.2, 5184000), (19, 1971172, 67.3, 5184000), (127, 1966440, 64.7, 5184000), (126, 1931190, 66.4, 5184000), (18, 1922788, 67.3, 5184000), (12, 1908347, 68.0, 5184000), (108, 1905714, 64.6, 5184000), (107, 1879686, 64.9, 5184000), (125, 1828140, 67.6, 5184000), (104, 1785612, 67.9, 5184000), (106, 1785270, 68.0, 5184000), (103, 1773522, 69.5, 5184000), (121, 1741776, 68.9, 5184000), (124, 1719492, 67.8, 5184000), (115, 1698810, 68.7, 5184000), (117, 1698090, 67.2, 5184000), (118, 1680276, 68.2, 5184000), (78, 1678386, 67.7, 5184000), (123, 1662426, 68.9, 5184000), (116, 1647876, 67.1, 5184000), (122, 1641264, 67.5, 5184000), (99, 1640730, 70.5, 5184000), (57, 1639512, 68.8, 5184000), (120, 1639170, 69.6, 5184000), (90, 1636524, 70.9, 5184000), (102, 1636194, 69.3, 5184000), (93, 1635804, 68.4, 5184000), (75, 1634448, 71.0, 5184000), (69, 1630692, 68.9, 5184000), (72, 1626246, 69.5, 5184000), (71, 1621254, 69.5, 5184000), (98, 1619262, 69.9, 5184000), (92, 1598562, 68.6, 5184000), (95, 1598520, 70.1, 5184000), (119, 1596120, 70.4, 5184000), (113, 1595568, 68.7, 5184000), (54, 1591014, 70.7, 5184000), (70, 1568550, 70.1, 5184000), (114, 1563444, 71.2, 5184000), (91, 1561434, 69.5, 5184000), (77, 1553988, 69.4, 5184000), (112, 1553940, 70.8, 5184000), (101, 1540980, 70.2, 5184000), (76, 1540608, 70.8, 5184000), (96, 1532562, 71.6, 5184000), (109, 1532400, 72.0, 5184000), (45, 1517952, 69.4, 5184000), (55, 1514070, 71.4, 5184000), (110, 1511070, 69.4, 5184000), (100, 1506210, 70.7, 5184000), (51, 1505832, 71.3, 5184000), (89, 1504080, 72.4, 5184000), (111, 1499730, 71.7, 5184000), (56, 1494828, 70.9, 5184000), (97, 1490784, 70.5, 5184000), (67, 1486356, 71.6, 5184000), (88, 1479720, 73.5, 5184000), (68, 1478508, 72.4, 5184000), (62, 1475610, 72.3, 5184000), (87, 1470522, 71.3, 5184000), (74, 1470480, 72.0, 5184000), (84, 1462032, 72.6, 5184000), (94, 1450758, 72.2, 5184000), (48, 1439154, 74.2, 5184000), (60, 1432626, 72.2, 5184000), (52, 1427088, 72.2, 5184000), (49, 1425402, 71.6, 5184000), (83, 1424502, 71.8, 5184000), (59, 1423794, 72.7, 5184000), (66, 1423380, 72.2, 5184000), (73, 1419444, 71.9, 5184000), (50, 1414932, 72.9, 5184000), (86, 1409736, 71.5, 5184000), (63, 1405134, 73.8, 5184000), (80, 1390554, 72.2, 5184000), (53, 1387410, 72.5, 5184000), (61, 1387140, 73.3, 5184000), (85, 1385178, 72.4, 5184000), (81, 1383348, 71.2, 5184000), (65, 1364742, 72.3, 5184000), (46, 1359732, 71.7, 5184000), (64, 1358322, 71.3, 5184000), (82, 1356084, 71.5, 5184000), (79, 1352724, 71.9, 5184000), (58, 1351344, 71.4, 5184000), (47, 1345236, 73.2, 5184000), (-1, 0, 75.8, 100)]","[(1, 5544176, 64.4, 6912000), (2, 5541056, 64.1, 6912000), (38, 4963532, 64.3, 6912000), (0, 4856104, 67.8, 6912000), (42, 4727751, 61.0, 6912000), (19, 4710979, 69.2, 6912000), (31, 4709369, 60.8, 6912000), (26, 4705869, 65.6, 6912000), (33, 4693521, 64.0, 6912000), (36, 4693178, 67.0, 6912000), (43, 4685429, 63.5, 6912000), (20, 4679507, 69.2, 6912000), (25, 4679395, 69.1, 6912000), (34, 4678149, 65.1, 6912000), (39, 4676931, 65.2, 6912000), (22, 4667929, 70.3, 6912000), (29, 4661846, 68.3, 6912000), (23, 4657478, 71.1, 6912000), (28, 4655245, 70.2, 6912000), (17, 4567955, 70.4, 6912000), (32, 4548838, 65.8, 6912000), (18, 4412261, 71.5, 6912000), (24, 4394614, 70.7, 6912000), (21, 4385136, 71.8, 6912000), (27, 4378864, 70.9, 6912000), (120, 4186116, 63.9, 6912000), (121, 4183380, 64.2, 6912000), (124, 4180146, 65.1, 6912000), (127, 4178142, 63.6, 6912000), (12, 4087930, 69.8, 6912000), (13, 4073307, 71.1, 6912000), (15, 4063297, 71.2, 6912000), (16, 4058761, 71.7, 6912000), (9, 3993073, 71.8, 6912000), (109, 3976332, 62.4, 6912000), (111, 3961710, 65.0, 6912000), (122, 3952164, 67.4, 6912000), (128, 3951966, 65.3, 6912000), (11, 3947244, 71.9, 6912000), (84, 3942672, 70.3, 6912000), (99, 3940542, 69.7, 6912000), (112, 3935304, 66.1, 6912000), (119, 3929880, 69.0, 6912000), (86, 3927474, 72.8, 6912000), (115, 3927282, 65.6, 6912000), (125, 3925662, 67.6, 6912000), (118, 3925548, 66.4, 6912000), (105, 3919572, 69.5, 6912000), (114, 3919380, 66.5, 6912000), (126, 3915372, 69.1, 6912000), (10, 3907785, 72.0, 6912000), (123, 3907548, 69.7, 6912000), (87, 3902532, 73.2, 6912000), (101, 3901800, 73.9, 6912000), (93, 3901704, 71.5, 6912000), (90, 3899778, 73.0, 6912000), (104, 3899418, 72.2, 6912000), (108, 3898110, 71.7, 6912000), (89, 3888618, 73.0, 6912000), (102, 3885570, 71.5, 6912000), (14, 3859639, 73.3, 6912000), (110, 3818508, 66.4, 6912000), (74, 3811524, 72.9, 6912000), (116, 3809640, 67.5, 6912000), (75, 3809412, 70.6, 6912000), (113, 3787104, 68.5, 6912000), (117, 3776892, 68.7, 6912000), (77, 3776262, 74.4, 6912000), (78, 3774504, 73.0, 6912000), (79, 3720378, 72.6, 6912000), (94, 3692376, 72.1, 6912000), (95, 3684810, 70.9, 6912000), (80, 3678486, 72.6, 6912000), (91, 3673992, 74.5, 6912000), (85, 3673866, 74.0, 6912000), (82, 3665334, 74.3, 6912000), (106, 3663558, 73.0, 6912000), (103, 3658728, 73.0, 6912000), (100, 3650172, 74.3, 6912000), (83, 3648990, 73.9, 6912000), (97, 3646302, 74.6, 6912000), (88, 3643974, 74.2, 6912000), (98, 3640992, 73.0, 6912000), (107, 3639780, 72.9, 6912000), (92, 3639504, 74.3, 6912000), (73, 3559374, 73.5, 6912000), (76, 3537840, 74.7, 6912000), (81, 3534486, 74.4, 6912000), (96, 3520944, 73.8, 6912000), (63, 3411690, 73.1, 6912000), (65, 3397554, 72.5, 6912000), (72, 3386418, 72.3, 6912000), (69, 3383676, 73.4, 6912000), (66, 3374856, 73.5, 6912000), (68, 3368334, 73.3, 6912000), (47, 3321174, 73.7, 6912000), (58, 3302616, 72.8, 6912000), (48, 3295314, 73.7, 6912000), (50, 3286662, 74.6, 6912000), (51, 3278298, 74.6, 6912000), (59, 3272148, 72.2, 6912000), (61, 3258384, 74.3, 6912000), (62, 3247650, 73.4, 6912000), (54, 3247038, 74.2, 6912000), (53, 3238662, 73.5, 6912000), (45, 3224610, 73.6, 6912000), (70, 3218982, 74.1, 6912000), (57, 3215358, 75.0, 6912000), (56, 3213264, 74.4, 6912000), (64, 3208002, 75.0, 6912000), (71, 3189660, 74.4, 6912000), (67, 3188988, 74.7, 6912000), (46, 3182148, 74.6, 6912000), (60, 3155814, 74.2, 6912000), (52, 3111036, 74.9, 6912000), (49, 3108342, 75.0, 6912000), (55, 3040572, 76.3, 6912000), (-1, 0, 75.8, 100)]","[(3, 2512864, 62.6, 3456000), (24, 2198756, 62.6, 3456000), (31, 2198756, 62.6, 3456000), (32, 2198756, 62.6, 3456000), (33, 2198756, 62.6, 3456000), (34, 2198756, 62.6, 3456000), (9, 1895488, 69.6, 3456000), (95, 1884648, 62.6, 3456000), (96, 1884648, 62.6, 3456000), (97, 1884648, 62.6, 3456000), (98, 1884648, 62.6, 3456000), (113, 1884648, 62.6, 3456000), (114, 1884648, 62.6, 3456000), (115, 1884648, 62.6, 3456000), (116, 1884648, 62.6, 3456000), (117, 1884648, 62.6, 3456000), (118, 1884648, 62.6, 3456000), (30, 1857898, 72.6, 3456000), (19, 1844983, 72.3, 3456000), (11, 1839817, 74.2, 3456000), (18, 1820805, 73.3, 3456000), (12, 1820182, 74.4, 3456000), (45, 1624704, 69.6, 3456000), (48, 1624704, 69.6, 3456000), (49, 1624704, 69.6, 3456000), (50, 1624704, 69.6, 3456000), (51, 1624704, 69.6, 3456000), (94, 1592484, 72.6, 3456000), (109, 1592484, 72.6, 3456000), (110, 1592484, 72.6, 3456000), (111, 1592484, 72.6, 3456000), (112, 1592484, 72.6, 3456000), (74, 1581414, 72.3, 3456000), (84, 1581414, 72.3, 3456000), (85, 1581414, 72.3, 3456000), (86, 1581414, 72.3, 3456000), (87, 1581414, 72.3, 3456000), (52, 1576986, 74.2, 3456000), (59, 1576986, 74.2, 3456000), (60, 1576986, 74.2, 3456000), (61, 1576986, 74.2, 3456000), (62, 1576986, 74.2, 3456000), (73, 1560690, 73.3, 3456000), (80, 1560690, 73.3, 3456000), (81, 1560690, 73.3, 3456000), (82, 1560690, 73.3, 3456000), (83, 1560690, 73.3, 3456000), (53, 1560156, 74.4, 3456000), (63, 1560156, 74.4, 3456000), (64, 1560156, 74.4, 3456000), (65, 1560156, 74.4, 3456000), (66, 1560156, 74.4, 3456000), (46, 1342884, 75.5, 3456000), (47, 1342176, 75.3, 3456000), (79, 1330464, 75.8, 3456000), (58, 1328082, 76.9, 3456000), (-1, 0, 75.8, 100)]","[(0, 817464, 75.8, 2304000), (4, 814232, 75.0, 2304000), (3, 811576, 75.1, 2304000), (1, 796720, 75.4, 2304000), (10, 715281, 75.8, 2304000), (13, 715281, 75.8, 2304000), (14, 715281, 75.8, 2304000), (15, 715281, 75.8, 2304000), (16, 715281, 75.8, 2304000), (25, 712453, 75.0, 2304000), (35, 712453, 75.0, 2304000), (36, 712453, 75.0, 2304000), (37, 712453, 75.0, 2304000), (38, 712453, 75.0, 2304000), (24, 710129, 75.1, 2304000), (31, 710129, 75.1, 2304000), (32, 710129, 75.1, 2304000), (33, 710129, 75.1, 2304000), (34, 710129, 75.1, 2304000), (17, 697130, 75.4, 2304000), (20, 697130, 75.4, 2304000), (21, 697130, 75.4, 2304000), (22, 697130, 75.4, 2304000), (23, 697130, 75.4, 2304000), (54, 613098, 75.8, 2304000), (55, 613098, 75.8, 2304000), (56, 613098, 75.8, 2304000), (57, 613098, 75.8, 2304000), (67, 613098, 75.8, 2304000), (68, 613098, 75.8, 2304000), (69, 613098, 75.8, 2304000), (70, 613098, 75.8, 2304000), (71, 613098, 75.8, 2304000), (72, 613098, 75.8, 2304000), (99, 610674, 75.0, 2304000), (100, 610674, 75.0, 2304000), (101, 610674, 75.0, 2304000), (102, 610674, 75.0, 2304000), (119, 610674, 75.0, 2304000), (120, 610674, 75.0, 2304000), (121, 610674, 75.0, 2304000), (122, 610674, 75.0, 2304000), (123, 610674, 75.0, 2304000), (124, 610674, 75.0, 2304000), (95, 608682, 75.1, 2304000), (96, 608682, 75.1, 2304000), (97, 608682, 75.1, 2304000), (98, 608682, 75.1, 2304000), (113, 608682, 75.1, 2304000), (114, 608682, 75.1, 2304000), (115, 608682, 75.1, 2304000), (116, 608682, 75.1, 2304000), (117, 608682, 75.1, 2304000), (118, 608682, 75.1, 2304000), (75, 597540, 75.4, 2304000), (76, 597540, 75.4, 2304000), (77, 597540, 75.4, 2304000), (78, 597540, 75.4, 2304000), (88, 597540, 75.4, 2304000), (89, 597540, 75.4, 2304000), (90, 597540, 75.4, 2304000), (91, 597540, 75.4, 2304000), (92, 597540, 75.4, 2304000), (93, 597540, 75.4, 2304000), (30, 344792, 76.5, 2304000), (9, 341796, 76.0, 2304000), (11, 296639, 76.2, 2304000), (94, 295536, 76.5, 2304000), (109, 295536, 76.5, 2304000), (110, 295536, 76.5, 2304000), (111, 295536, 76.5, 2304000), (112, 295536, 76.5, 2304000), (12, 295351, 76.4, 2304000), (18, 293881, 76.0, 2304000), (45, 292968, 76.0, 2304000), (48, 292968, 76.0, 2304000), (49, 292968, 76.0, 2304000), (50, 292968, 76.0, 2304000), (51, 292968, 76.0, 2304000), (19, 284879, 76.6, 2304000), (52, 254262, 76.2, 2304000), (59, 254262, 76.2, 2304000), (60, 254262, 76.2, 2304000), (61, 254262, 76.2, 2304000), (62, 254262, 76.2, 2304000), (53, 253158, 76.4, 2304000), (63, 253158, 76.4, 2304000), (64, 253158, 76.4, 2304000), (65, 253158, 76.4, 2304000), (66, 253158, 76.4, 2304000), (73, 251898, 76.0, 2304000), (80, 251898, 76.0, 2304000), (81, 251898, 76.0, 2304000), (82, 251898, 76.0, 2304000), (83, 251898, 76.0, 2304000), (74, 244182, 76.6, 2304000), (84, 244182, 76.6, 2304000), (85, 244182, 76.6, 2304000), (86, 244182, 76.6, 2304000), (87, 244182, 76.6, 2304000), (58, 126708, 76.0, 2304000), (46, 125082, 75.9, 2304000), (79, 123960, 75.7, 2304000), (47, 121578, 75.7, 2304000), (-1, 0, 75.8, 100)]","[(4, 1314952, 65.7, 2304000), (3, 1247496, 67.1, 2304000), (1, 1228776, 70.8, 2304000), (25, 1150583, 65.7, 2304000), (35, 1150583, 65.7, 2304000), (36, 1150583, 65.7, 2304000), (37, 1150583, 65.7, 2304000), (38, 1150583, 65.7, 2304000), (0, 1126984, 68.7, 2304000), (24, 1091559, 67.1, 2304000), (31, 1091559, 67.1, 2304000), (32, 1091559, 67.1, 2304000), (33, 1091559, 67.1, 2304000), (34, 1091559, 67.1, 2304000), (17, 1075179, 70.8, 2304000), (20, 1075179, 70.8, 2304000), (21, 1075179, 70.8, 2304000), (22, 1075179, 70.8, 2304000), (23, 1075179, 70.8, 2304000), (99, 986214, 65.7, 2304000), (100, 986214, 65.7, 2304000), (101, 986214, 65.7, 2304000), (102, 986214, 65.7, 2304000), (119, 986214, 65.7, 2304000), (120, 986214, 65.7, 2304000), (121, 986214, 65.7, 2304000), (122, 986214, 65.7, 2304000), (123, 986214, 65.7, 2304000), (124, 986214, 65.7, 2304000), (10, 986111, 68.7, 2304000), (13, 986111, 68.7, 2304000), (14, 986111, 68.7, 2304000), (15, 986111, 68.7, 2304000), (16, 986111, 68.7, 2304000), (95, 935622, 67.1, 2304000), (96, 935622, 67.1, 2304000), (97, 935622, 67.1, 2304000), (98, 935622, 67.1, 2304000), (113, 935622, 67.1, 2304000), (114, 935622, 67.1, 2304000), (115, 935622, 67.1, 2304000), (116, 935622, 67.1, 2304000), (117, 935622, 67.1, 2304000), (118, 935622, 67.1, 2304000), (75, 921582, 70.8, 2304000), (76, 921582, 70.8, 2304000), (77, 921582, 70.8, 2304000), (78, 921582, 70.8, 2304000), (88, 921582, 70.8, 2304000), (89, 921582, 70.8, 2304000), (90, 921582, 70.8, 2304000), (91, 921582, 70.8, 2304000), (92, 921582, 70.8, 2304000), (93, 921582, 70.8, 2304000), (54, 845238, 68.7, 2304000), (55, 845238, 68.7, 2304000), (56, 845238, 68.7, 2304000), (57, 845238, 68.7, 2304000), (67, 845238, 68.7, 2304000), (68, 845238, 68.7, 2304000), (69, 845238, 68.7, 2304000), (70, 845238, 68.7, 2304000), (71, 845238, 68.7, 2304000), (72, 845238, 68.7, 2304000), (30, 768817, 68.7, 2304000), (19, 693168, 72.4, 2304000), (94, 658986, 68.7, 2304000), (109, 658986, 68.7, 2304000), (110, 658986, 68.7, 2304000), (111, 658986, 68.7, 2304000), (112, 658986, 68.7, 2304000), (9, 653751, 73.5, 2304000), (11, 608657, 73.7, 2304000), (74, 594144, 72.4, 2304000), (84, 594144, 72.4, 2304000), (85, 594144, 72.4, 2304000), (86, 594144, 72.4, 2304000), (87, 594144, 72.4, 2304000), (18, 586488, 75.3, 2304000), (45, 560358, 73.5, 2304000), (48, 560358, 73.5, 2304000), (49, 560358, 73.5, 2304000), (50, 560358, 73.5, 2304000), (51, 560358, 73.5, 2304000), (12, 542563, 75.6, 2304000), (52, 521706, 73.7, 2304000), (59, 521706, 73.7, 2304000), (60, 521706, 73.7, 2304000), (61, 521706, 73.7, 2304000), (62, 521706, 73.7, 2304000), (73, 502704, 75.3, 2304000), (80, 502704, 75.3, 2304000), (81, 502704, 75.3, 2304000), (82, 502704, 75.3, 2304000), (83, 502704, 75.3, 2304000), (53, 465054, 75.6, 2304000), (63, 465054, 75.6, 2304000), (64, 465054, 75.6, 2304000), (65, 465054, 75.6, 2304000), (66, 465054, 75.6, 2304000), (79, 355812, 75.5, 2304000), (58, 314886, 76.2, 2304000), (46, 303336, 76.0, 2304000), (47, 302898, 76.1, 2304000), (-1, 0, 75.8, 100)]"
option,accuracy,operations saved,total operations,% saved
"[0, 0, 0, 0, 0]",26.0,11839367,20160000,0.5872701884920635
"[1, 0, 0, 0, 0]",26.3,11809367,20160000,0.5857820932539682
"[2, 0, 0, 0, 0]",25.3,11756615,20160000,0.5831654265873016
"[2, 0, 0, 0, 1]",26.0,11647063,20160000,0.5777312996031746
"[2, 0, 0, 0, 2]",23.6,11665831,20160000,0.578662251984127
"[2, 0, 1, 0, 2]",23.6,11376258,20160000,0.5642985119047619
"[2, 0, 2, 0, 2]",23.6,11376258,20160000,0.5642985119047619
"[2, 0, 3, 0, 2]",23.6,11376258,20160000,0.5642985119047619
"[2, 0, 4, 0, 2]",23.6,11376258,20160000,0.5642985119047619
"[2, 0, 5, 0, 2]",23.6,11376258,20160000,0.5642985119047619
"[2, 0, 6, 0, 2]",30.3,11099624,20160000,0.5505765873015873
"[2, 0, 6, 0, 3]",32.6,11059602,20160000,0.5485913690476191
"[2, 0, 6, 0, 4]",32.6,11059602,20160000,0.5485913690476191
"[2, 0, 6, 0, 5]",32.6,11059602,20160000,0.5485913690476191
"[2, 0, 6, 0, 6]",32.6,11059602,20160000,0.5485913690476191
"[2, 0, 6, 0, 7]",32.6,11059602,20160000,0.5485913690476191
"[2, 0, 6, 0, 8]",30.7,11001640,20160000,0.5457162698412699
"[2, 0, 6, 0, 9]",32.8,10967706,20160000,0.5440330357142857
"[2, 0, 6, 0, 10]",32.8,10967706,20160000,0.5440330357142857
"[2, 0, 6, 0, 11]",32.8,10967706,20160000,0.5440330357142857
"[2, 0, 6, 0, 12]",32.8,10967706,20160000,0.5440330357142857
"[2, 0, 6, 0, 13]",32.8,10967706,20160000,0.5440330357142857
"[2, 0, 6, 0, 14]",30.3,10967027,20160000,0.5439993551587302
"[2, 0, 6, 0, 15]",30.3,10967027,20160000,0.5439993551587302
"[2, 0, 6, 0, 16]",30.3,10967027,20160000,0.5439993551587302
"[2, 0, 6, 0, 17]",30.3,10967027,20160000,0.5439993551587302
"[2, 0, 6, 0, 18]",30.3,10967027,20160000,0.5439993551587302
"[2, 0, 6, 0, 19]",32.6,10913780,20160000,0.5413581349206349
"[2, 0, 6, 0, 20]",32.6,10913780,20160000,0.5413581349206349
"[2, 0, 6, 0, 21]",32.6,10913780,20160000,0.5413581349206349
"[2, 0, 6, 0, 22]",32.6,10913780,20160000,0.5413581349206349
"[2, 0, 6, 0, 23]",32.6,10913780,20160000,0.5413581349206349
"[2, 0, 6, 0, 24]",32.6,10913780,20160000,0.5413581349206349
"[2, 0, 6, 0, 25]",32.6,10913780,20160000,0.5413581349206349
"[2, 0, 6, 0, 26]",32.6,10913780,20160000,0.5413581349206349
"[2, 0, 6, 0, 27]",32.6,10913780,20160000,0.5413581349206349
"[2, 0, 6, 0, 28]",32.6,10913780,20160000,0.5413581349206349
"[2, 0, 6, 0, 29]",30.7,10881291,20160000,0.5397465773809523
"[2, 0, 6, 0, 30]",30.7,10881291,20160000,0.5397465773809523
"[2, 0, 6, 0, 31]",30.7,10881291,20160000,0.5397465773809523
"[2, 0, 6, 0, 32]",30.7,10881291,20160000,0.5397465773809523
"[2, 0, 6, 0, 33]",30.7,10881291,20160000,0.5397465773809523
"[2, 0, 6, 0, 34]",32.8,10835012,20160000,0.5374509920634921
"[2, 0, 6, 0, 35]",32.8,10835012,20160000,0.5374509920634921
"[2, 0, 6, 0, 36]",32.8,10835012,20160000,0.5374509920634921
"[2, 0, 6, 0, 37]",32.8,10835012,20160000,0.5374509920634921
"[2, 0, 6, 0, 38]",32.8,10835012,20160000,0.5374509920634921
"[2, 0, 6, 0, 39]",32.8,10835012,20160000,0.5374509920634921
"[2, 0, 6, 0, 40]",32.8,10835012,20160000,0.5374509920634921
"[2, 0, 6, 0, 41]",32.8,10835012,20160000,0.5374509920634921
"[2, 0, 6, 0, 42]",32.8,10835012,20160000,0.5374509920634921
"[2, 0, 6, 0, 43]",32.8,10835012,20160000,0.5374509920634921
"[2, 0, 6, 0, 44]",30.3,10834430,20160000,0.537422123015873
"[2, 0, 6, 0, 45]",30.3,10834430,20160000,0.537422123015873
"[2, 0, 6, 0, 46]",30.3,10834430,20160000,0.537422123015873
"[2, 0, 6, 0, 47]",30.3,10834430,20160000,0.537422123015873
"[2, 0, 6, 0, 48]",30.3,10834430,20160000,0.537422123015873
"[2, 0, 6, 0, 49]",30.3,10834430,20160000,0.537422123015873
"[2, 0, 6, 0, 50]",30.3,10834430,20160000,0.537422123015873
"[2, 0, 6, 0, 51]",30.3,10834430,20160000,0.537422123015873
"[2, 0, 6, 0, 52]",30.3,10834430,20160000,0.537422123015873
"[2, 0, 6, 0, 53]",30.3,10834430,20160000,0.537422123015873
"[2, 0, 6, 0, 54]",30.7,10760942,20160000,0.5337768849206349
"[2, 0, 6, 0, 55]",30.7,10760942,20160000,0.5337768849206349
"[2, 0, 6, 0, 56]",30.7,10760942,20160000,0.5337768849206349
"[2, 0, 6, 0, 57]",30.7,10760942,20160000,0.5337768849206349
"[2, 0, 6, 0, 58]",30.7,10760942,20160000,0.5337768849206349
"[2, 0, 6, 0, 59]",30.7,10760942,20160000,0.5337768849206349
"[2, 0, 6, 0, 60]",30.7,10760942,20160000,0.5337768849206349
"[2, 0, 6, 0, 61]",30.7,10760942,20160000,0.5337768849206349
"[2, 0, 6, 0, 62]",30.7,10760942,20160000,0.5337768849206349
"[2, 0, 6, 0, 63]",30.7,10760942,20160000,0.5337768849206349
"[2, 0, 6, 0, 64]",34.5,10681196,20160000,0.5298212301587302
"[2, 0, 6, 0, 65]",36.0,10625959,20160000,0.5270812996031746
"[2, 1, 6, 0, 65]",33.1,10621990,20160000,0.5268844246031746
"[2, 2, 6, 0, 65]",35.2,10155286,20160000,0.5037344246031746
"[2, 3, 6, 0, 65]",39.4,9832292,20160000,0.4877128968253968
"[2, 4, 6, 0, 65]",37.8,9853285,20160000,0.4887542162698413
"[2, 5, 6, 0, 65]",38.8,9957503,20160000,0.4939237599206349
"[2, 5, 6, 0, 66]",37.2,9912757,20160000,0.4917042162698413
"[2, 5, 6, 0, 67]",37.2,9912757,20160000,0.4917042162698413
"[2, 5, 6, 0, 68]",37.2,9912757,20160000,0.4917042162698413
"[2, 5, 6, 0, 69]",37.2,9912757,20160000,0.4917042162698413
"[2, 5, 6, 0, 70]",37.2,9912757,20160000,0.4917042162698413
"[2, 5, 6, 0, 71]",33.7,9862569,20160000,0.48921473214285716
"[2, 5, 6, 0, 72]",38.4,9829130,20160000,0.4875560515873016
"[2, 5, 6, 0, 73]",38.8,9871699,20160000,0.48966760912698415
"[2, 5, 6, 0, 74]",38.8,9871699,20160000,0.48966760912698415
"[2, 5, 6, 0, 75]",38.8,9871699,20160000,0.48966760912698415
"[2, 5, 6, 0, 76]",38.8,9871699,20160000,0.48966760912698415
"[2, 5, 6, 0, 77]",38.8,9871699,20160000,0.48966760912698415
"[2, 5, 6, 0, 78]",37.8,9809656,20160000,0.48659007936507936
"[2, 5, 6, 0, 79]",33.7,9790327,20160000,0.4856312996031746
"[2, 5, 6, 0, 80]",33.7,9790327,20160000,0.4856312996031746
"[2, 5, 6, 0, 81]",33.7,9790327,20160000,0.4856312996031746
"[2, 5, 6, 0, 82]",33.7,9790327,20160000,0.4856312996031746
"[2, 5, 6, 0, 83]",33.7,9790327,20160000,0.4856312996031746
"[2, 5, 6, 0, 84]",39.4,9784204,20160000,0.48532757936507936
"[2, 5, 6, 0, 85]",38.4,9761665,20160000,0.48420957341269844
"[2, 5, 6, 0, 86]",38.4,9761665,20160000,0.48420957341269844
"[2, 5, 6, 0, 87]",38.4,9761665,20160000,0.48420957341269844
"[2, 5, 6, 0, 88]",38.4,9761665,20160000,0.48420957341269844
"[2, 5, 6, 0, 89]",38.4,9761665,20160000,0.48420957341269844
"[2, 5, 6, 0, 90]",37.8,9744973,20160000,0.48338159722222224
"[2, 5, 6, 0, 91]",37.8,9744973,20160000,0.48338159722222224
"[2, 5, 6, 0, 92]",37.8,9744973,20160000,0.48338159722222224
"[2, 5, 6, 0, 93]",37.8,9744973,20160000,0.48338159722222224
"[2, 5, 6, 0, 94]",37.8,9744973,20160000,0.48338159722222224
"[2, 5, 6, 0, 95]",39.4,9723157,20160000,0.48229945436507937
"[2, 5, 6, 0, 96]",39.4,9723157,20160000,0.48229945436507937
"[2, 5, 6, 0, 97]",39.4,9723157,20160000,0.48229945436507937
"[2, 5, 6, 0, 98]",39.4,9723157,20160000,0.48229945436507937
"[2, 5, 6, 0, 99]",39.4,9723157,20160000,0.48229945436507937
"[2, 5, 6, 0, 100]",41.0,9650725,20160000,0.4787065972222222
"[2, 5, 6, 0, 101]",41.6,9601117,20160000,0.47624588293650794
"[2, 5, 6, 0, 102]",41.1,9566305,20160000,0.47451909722222224
"[2, 5, 6, 0, 103]",41.4,9592909,20160000,0.47583874007936505
"[2, 5, 6, 1, 103]",41.9,9572607,20160000,0.4748316964285714
"[2, 5, 6, 2, 103]",41.6,9563555,20160000,0.4743826884920635
"[2, 5, 6, 3, 103]",42.1,9556411,20160000,0.4740283234126984
"[2, 5, 6, 4, 103]",41.4,9518454,20160000,0.4721455357142857
"[2, 5, 6, 5, 103]",41.4,9518454,20160000,0.4721455357142857
"[2, 5, 6, 6, 103]",41.4,9518454,20160000,0.4721455357142857
"[2, 5, 6, 7, 103]",41.4,9518454,20160000,0.4721455357142857
"[2, 5, 6, 8, 103]",41.4,9518454,20160000,0.4721455357142857
"[2, 5, 6, 9, 103]",41.9,9500872,20160000,0.4712734126984127
"[2, 5, 6, 10, 103]",41.9,9500872,20160000,0.4712734126984127
"[2, 5, 6, 11, 103]",41.9,9500872,20160000,0.4712734126984127
"[2, 5, 6, 12, 103]",41.9,9500872,20160000,0.4712734126984127
"[2, 5, 6, 13, 103]",41.9,9500872,20160000,0.4712734126984127
"[2, 5, 6, 14, 103]",41.6,9493286,20160000,0.470897123015873
"[2, 5, 6, 15, 103]",41.6,9493286,20160000,0.470897123015873
"[2, 5, 6, 16, 103]",41.6,9493286,20160000,0.470897123015873
"[2, 5, 6, 17, 103]",41.6,9493286,20160000,0.470897123015873
"[2, 5, 6, 18, 103]",41.6,9493286,20160000,0.470897123015873
"[2, 5, 6, 19, 103]",42.1,9483414,20160000,0.4704074404761905
"[2, 5, 6, 20, 103]",42.1,9483414,20160000,0.4704074404761905
"[2, 5, 6, 21, 103]",42.1,9483414,20160000,0.4704074404761905
"[2, 5, 6, 22, 103]",42.1,9483414,20160000,0.4704074404761905
"[2, 5, 6, 23, 103]",42.1,9483414,20160000,0.4704074404761905
"[2, 5, 6, 24, 103]",41.4,9443999,20160000,0.46845233134920633
"[2, 5, 6, 25, 103]",41.4,9443999,20160000,0.46845233134920633
"[2, 5, 6, 26, 103]",41.4,9443999,20160000,0.46845233134920633
"[2, 5, 6, 27, 103]",41.4,9443999,20160000,0.46845233134920633
"[2, 5, 6, 28, 103]",41.4,9443999,20160000,0.46845233134920633
"[2, 5, 6, 29, 103]",41.4,9443999,20160000,0.46845233134920633
"[2, 5, 6, 30, 103]",41.4,9443999,20160000,0.46845233134920633
"[2, 5, 6, 31, 103]",41.4,9443999,20160000,0.46845233134920633
"[2, 5, 6, 32, 103]",41.4,9443999,20160000,0.46845233134920633
"[2, 5, 6, 33, 103]",41.4,9443999,20160000,0.46845233134920633
"[2, 5, 6, 34, 103]",41.9,9429137,20160000,0.46771512896825396
"[2, 5, 6, 35, 103]",41.9,9429137,20160000,0.46771512896825396
"[2, 5, 6, 36, 103]",41.9,9429137,20160000,0.46771512896825396
"[2, 5, 6, 37, 103]",41.9,9429137,20160000,0.46771512896825396
"[2, 5, 6, 38, 103]",41.9,9429137,20160000,0.46771512896825396
"[2, 5, 6, 39, 103]",41.9,9429137,20160000,0.46771512896825396
"[2, 5, 6, 40, 103]",41.9,9429137,20160000,0.46771512896825396
"[2, 5, 6, 41, 103]",41.9,9429137,20160000,0.46771512896825396
"[2, 5, 6, 42, 103]",41.9,9429137,20160000,0.46771512896825396
"[2, 5, 6, 43, 103]",41.9,9429137,20160000,0.46771512896825396
"[2, 5, 6, 44, 103]",41.6,9423017,20160000,0.46741155753968255
"[2, 5, 6, 45, 103]",41.6,9423017,20160000,0.46741155753968255
"[2, 5, 6, 46, 103]",41.6,9423017,20160000,0.46741155753968255
"[2, 5, 6, 47, 103]",41.6,9423017,20160000,0.46741155753968255
"[2, 5, 6, 48, 103]",41.6,9423017,20160000,0.46741155753968255
"[2, 5, 6, 49, 103]",41.6,9423017,20160000,0.46741155753968255
"[2, 5, 6, 50, 103]",41.6,9423017,20160000,0.46741155753968255
"[2, 5, 6, 51, 103]",41.6,9423017,20160000,0.46741155753968255
"[2, 5, 6, 52, 103]",41.6,9423017,20160000,0.46741155753968255
"[2, 5, 6, 53, 103]",41.6,9423017,20160000,0.46741155753968255
"[2, 5, 6, 54, 103]",42.1,9410417,20160000,0.46678655753968257
"[2, 5, 6, 55, 103]",42.1,9410417,20160000,0.46678655753968257
"[2, 5, 6, 56, 103]",42.1,9410417,20160000,0.46678655753968257
"[2, 5, 6, 57, 103]",42.1,9410417,20160000,0.46678655753968257
"[2, 5, 6, 58, 103]",42.1,9410417,20160000,0.46678655753968257
"[2, 5, 6, 59, 103]",42.1,9410417,20160000,0.46678655753968257
"[2, 5, 6, 60, 103]",42.1,9410417,20160000,0.46678655753968257
"[2, 5, 6, 61, 103]",42.1,9410417,20160000,0.46678655753968257
"[2, 5, 6, 62, 103]",42.1,9410417,20160000,0.46678655753968257
"[2, 5, 6, 63, 103]",42.1,9410417,20160000,0.46678655753968257
"[2, 5, 6, 64, 103]",43.9,9226578,20160000,0.4576675595238095
"[2, 5, 6, 65, 103]",43.4,9224505,20160000,0.45756473214285714
"[2, 5, 6, 66, 103]",44.0,9200251,20160000,0.45636165674603174
"[2, 5, 6, 67, 103]",43.9,9193955,20160000,0.4560493551587302
"[2, 5, 6, 68, 103]",43.9,9193955,20160000,0.4560493551587302
"[2, 5, 6, 69, 103]",43.9,9193955,20160000,0.4560493551587302
"[2, 5, 6, 70, 103]",43.9,9193955,20160000,0.4560493551587302
"[2, 5, 6, 71, 103]",43.9,9193955,20160000,0.4560493551587302
"[2, 5, 6, 72, 103]",44.3,9185852,20160000,0.45564742063492064
"[2, 5, 6, 73, 103]",43.7,9180165,20160000,0.45536532738095237
"[2, 5, 6, 74, 103]",43.4,9190907,20160000,0.4558981646825397
"[2, 5, 6, 75, 103]",43.4,9190907,20160000,0.4558981646825397
"[2, 5, 6, 76, 103]",43.4,9190907,20160000,0.4558981646825397
"[2, 5, 6, 77, 103]",43.4,9190907,20160000,0.4558981646825397
"[2, 5, 6, 78, 103]",43.4,9190907,20160000,0.4558981646825397
"[2, 5, 6, 79, 103]",43.9,9184551,20160000,0.4555828869047619
"[2, 5, 6, 80, 103]",44.0,9171155,20160000,0.4549184027777778
"[2, 5, 6, 81, 103]",44.0,9171155,20160000,0.4549184027777778
"[2, 5, 6, 82, 103]",44.0,9171155,20160000,0.4549184027777778
"[2, 5, 6, 83, 103]",44.0,9171155,20160000,0.4549184027777778
"[2, 5, 6, 84, 103]",44.0,9171155,20160000,0.4549184027777778
"[2, 5, 6, 85, 103]",44.3,9158501,20160000,0.4542907242063492
"[2, 5, 6, 86, 103]",44.3,9158501,20160000,0.4542907242063492
"[2, 5, 6, 87, 103]",44.3,9158501,20160000,0.4542907242063492
"[2, 5, 6, 88, 103]",44.3,9158501,20160000,0.4542907242063492
"[2, 5, 6, 89, 103]",44.3,9158501,20160000,0.4542907242063492
"[2, 5, 6, 90, 103]",43.7,9153263,20160000,0.4540309027777778
"[2, 5, 6, 91, 103]",43.7,9153263,20160000,0.4540309027777778
"[2, 5, 6, 92, 103]",43.7,9153263,20160000,0.4540309027777778
"[2, 5, 6, 93, 103]",43.7,9153263,20160000,0.4540309027777778
"[2, 5, 6, 94, 103]",43.7,9153263,20160000,0.4540309027777778
"[2, 5, 6, 95, 103]",43.9,9156587,20160000,0.45419578373015873
"[2, 5, 6, 96, 103]",43.9,9156587,20160000,0.45419578373015873
"[2, 5, 6, 97, 103]",43.9,9156587,20160000,0.45419578373015873
"[2, 5, 6, 98, 103]",43.9,9156587,20160000,0.45419578373015873
"[2, 5, 6, 99, 103]",43.9,9156587,20160000,0.45419578373015873
"[2, 5, 6, 100, 103]",45.0,9082427,20160000,0.4505172123015873
"[2, 5, 6, 101, 103]",44.5,9080735,20160000,0.45043328373015873
"[2, 5, 6, 102, 103]",45.2,9077015,20160000,0.4502487599206349
"[2, 5, 6, 103, 103]",44.7,9077303,20160000,0.45026304563492064
"[2, 5, 7, 103, 103]",38.8,9096769,20160000,0.45122862103174605
"[2, 5, 8, 103, 103]",38.8,9096769,20160000,0.45122862103174605
"[2, 5, 9, 103, 103]",38.8,9096769,20160000,0.45122862103174605
"[2, 5, 10, 103, 103]",38.8,9096769,20160000,0.45122862103174605
"[2, 5, 11, 103, 103]",38.8,9096769,20160000,0.45122862103174605
"[2, 5, 12, 103, 103]",38.8,9096769,20160000,0.45122862103174605
"[2, 5, 13, 103, 103]",38.8,9096769,20160000,0.45122862103174605
"[2, 5, 14, 103, 103]",38.8,9096769,20160000,0.45122862103174605
"[2, 5, 15, 103, 103]",38.8,9096769,20160000,0.45122862103174605
"[2, 5, 16, 103, 103]",38.8,9096769,20160000,0.45122862103174605
"[2, 5, 17, 103, 103]",48.9,9002575,20160000,0.4465562996031746
"[2, 5, 18, 103, 103]",48.6,8915698,20160000,0.4422469246031746
"[2, 5, 19, 103, 103]",51.0,9046888,20160000,0.44875436507936506
"[2, 5, 20, 103, 103]",49.6,8973999,20160000,0.4451388392857143
"[2, 5, 21, 103, 103]",50.9,8938852,20160000,0.4433954365079365
"[2, 5, 22, 103, 103]",44.7,8831695,20160000,0.43808010912698414
"[2, 5, 23, 103, 103]",44.7,8831695,20160000,0.43808010912698414
"[2, 5, 24, 103, 103]",44.7,8831695,20160000,0.43808010912698414
"[2, 5, 25, 103, 103]",44.7,8831695,20160000,0.43808010912698414
"[2, 5, 26, 103, 103]",44.7,8831695,20160000,0.43808010912698414
"[2, 5, 27, 103, 103]",48.9,8769175,20160000,0.43497891865079363
"[2, 5, 28, 103, 103]",48.9,8769175,20160000,0.43497891865079363
"[2, 5, 29, 103, 103]",48.9,8769175,20160000,0.43497891865079363
"[2, 5, 30, 103, 103]",48.9,8769175,20160000,0.43497891865079363
"[2, 5, 31, 103, 103]",48.9,8769175,20160000,0.43497891865079363
"[2, 5, 32, 103, 103]",48.6,8696887,20160000,0.4313932043650794
"[2, 5, 33, 103, 103]",48.6,8696887,20160000,0.4313932043650794
"[2, 5, 34, 103, 103]",48.6,8696887,20160000,0.4313932043650794
"[2, 5, 35, 103, 103]",48.6,8696887,20160000,0.4313932043650794
"[2, 5, 36, 103, 103]",48.6,8696887,20160000,0.4313932043650794
"[2, 5, 37, 103, 103]",51.0,8809003,20160000,0.4369545138888889
"[2, 5, 38, 103, 103]",51.0,8809003,20160000,0.4369545138888889
"[2, 5, 39, 103, 103]",51.0,8809003,20160000,0.4369545138888889
"[2, 5, 40, 103, 103]",51.0,8809003,20160000,0.4369545138888889
"[2, 5, 41, 103, 103]",51.0,8809003,20160000,0.4369545138888889
"[2, 5, 42, 103, 103]",49.6,8747425,20160000,0.4339000496031746
"[2, 5, 43, 103, 103]",49.6,8747425,20160000,0.4339000496031746
"[2, 5, 44, 103, 103]",49.6,8747425,20160000,0.4339000496031746
"[2, 5, 45, 103, 103]",49.6,8747425,20160000,0.4339000496031746
"[2, 5, 46, 103, 103]",49.6,8747425,20160000,0.4339000496031746
"[2, 5, 47, 103, 103]",50.9,8717557,20160000,0.43241850198412696
"[2, 5, 48, 103, 103]",50.9,8717557,20160000,0.43241850198412696
"[2, 5, 49, 103, 103]",50.9,8717557,20160000,0.43241850198412696
"[2, 5, 50, 103, 103]",50.9,8717557,20160000,0.43241850198412696
"[2, 5, 51, 103, 103]",50.9,8717557,20160000,0.43241850198412696
"[2, 5, 52, 103, 103]",52.7,8570083,20160000,0.4251033234126984
"[2, 5, 53, 103, 103]",52.1,8507803,20160000,0.4220140376984127
"[2, 5, 54, 103, 103]",52.7,8501065,20160000,0.4216798115079365
"[2, 5, 55, 103, 103]",53.7,8530705,20160000,0.4231500496031746
"[3, 5, 55, 103, 103]",53.5,8534140,20160000,0.4233204365079365
"[4, 5, 55, 103, 103]",54.8,8440194,20160000,0.41866041666666665
"[5, 5, 55, 103, 103]",54.0,8427428,20160000,0.4180271825396825
"[6, 5, 55, 103, 103]",56.0,8411581,20160000,0.41724112103174604
"[7, 5, 55, 103, 103]",55.7,8386555,20160000,0.415999751984127
"[8, 5, 55, 103, 103]",53.8,8380595,20160000,0.4157041170634921
"[9, 5, 55, 103, 103]",55.9,8391765,20160000,0.4162581845238095
"[10, 5, 55, 103, 103]",54.6,8348658,20160000,0.4141199404761905
"[11, 5, 55, 103, 103]",55.9,8345083,20160000,0.4139426091269841
"[12, 5, 55, 103, 103]",56.0,8329661,20160000,0.413177628968254
"[13, 5, 55, 103, 103]",55.3,8328795,20160000,0.4131346726190476
"[14, 5, 55, 103, 103]",53.5,8288642,20160000,0.41114295634920633
"[15, 5, 55, 103, 103]",53.4,8286598,20160000,0.41104156746031745
"[16, 5, 55, 103, 103]",57.7,8309644,20160000,0.41218472222222224
"[17, 5, 55, 103, 103]",56.4,8297717,20160000,0.41159310515873015
"[18, 5, 55, 103, 103]",57.4,8289232,20160000,0.4111722222222222
"[19, 5, 55, 103, 103]",56.3,8248080,20160000,0.4091309523809524
"[20, 5, 55, 103, 103]",57.5,8279568,20160000,0.41069285714285714
"[21, 5, 55, 103, 103]",56.0,8223053,20160000,0.40788953373015874
"[22, 5, 55, 103, 103]",55.9,8218161,20160000,0.407646875
"[23, 5, 55, 103, 103]",56.5,8211810,20160000,0.40733184523809524
"[24, 5, 55, 103, 103]",54.7,8208272,20160000,0.4071563492063492
"[25, 5, 55, 103, 103]",57.8,8190500,20160000,0.4062748015873016
"[26, 5, 55, 103, 103]",56.6,8142550,20160000,0.40389632936507935
"[27, 5, 55, 103, 103]",58.2,8122905,20160000,0.402921875
"[28, 5, 55, 103, 103]",56.3,8108815,20160000,0.4022229662698413
"[29, 5, 55, 103, 103]",55.7,8068384,20160000,0.4002174603174603
"[30, 5, 55, 103, 103]",56.4,8077352,20160000,0.4006623015873016
"[31, 5, 55, 103, 103]",57.0,8064580,20160000,0.40002876984126984
"[32, 5, 55, 103, 103]",56.2,8037114,20160000,0.39866636904761904
"[33, 5, 55, 103, 103]",58.0,8004476,20160000,0.39704742063492066
"[34, 5, 55, 103, 103]",58.6,7967628,20160000,0.39521964285714284
"[35, 5, 55, 103, 103]",61.7,7949856,20160000,0.39433809523809527
"[36, 5, 55, 103, 103]",58.2,7918813,20160000,0.3927982638888889
"[37, 5, 55, 103, 103]",61.1,7936577,20160000,0.3936794146825397
"[38, 5, 55, 103, 103]",60.4,7910419,20160000,0.39238189484126984
"[39, 5, 55, 103, 103]",58.3,7861574,20160000,0.3899590277777778
"[40, 5, 55, 103, 103]",60.1,7857711,20160000,0.3897674107142857
"[41, 5, 55, 103, 103]",58.0,7835480,20160000,0.38866468253968256
"[42, 5, 55, 103, 103]",57.4,7823944,20160000,0.3880924603174603
"[43, 5, 55, 103, 103]",61.3,7843502,20160000,0.3890625992063492
"[44, 5, 55, 103, 103]",58.0,7805533,20160000,0.38717921626984125
"[45, 5, 55, 103, 103]",58.5,7788093,20160000,0.3863141369047619
"[46, 5, 55, 103, 103]",60.0,7779936,20160000,0.3859095238095238
"[47, 5, 55, 103, 103]",62.4,7823967,20160000,0.3880936011904762
"[48, 5, 55, 103, 103]",61.5,7796524,20160000,0.3867323412698413
"[49, 5, 55, 103, 103]",62.0,7803459,20160000,0.3870763392857143
"[50, 5, 55, 103, 103]",61.5,7814792,20160000,0.38763849206349205
"[51, 5, 55, 103, 103]",62.3,7811597,20160000,0.3874800099206349
"[52, 5, 55, 103, 103]",59.0,7773967,20160000,0.3856134424603175
"[53, 5, 55, 103, 103]",62.7,7820105,20160000,0.38790203373015875
"[54, 5, 55, 103, 103]",60.9,7801699,20160000,0.3869890376984127
"[55, 5, 55, 103, 103]",58.2,7761268,20160000,0.3849835317460317
"[56, 5, 55, 103, 103]",58.6,7755324,20160000,0.3846886904761905
"[57, 5, 55, 103, 103]",60.3,7784995,20160000,0.3861604662698413
"[58, 5, 55, 103, 103]",59.5,7737810,20160000,0.3838199404761905
"[59, 5, 55, 103, 103]",61.9,7775017,20160000,0.3856655257936508
"[60, 5, 55, 103, 103]",62.5,7760455,20160000,0.38494320436507934
"[61, 5, 55, 103, 103]",59.8,7751532,20160000,0.3845005952380952
"[62, 5, 55, 103, 103]",61.4,7769050,20160000,0.3853695436507937
"[63, 5, 55, 103, 103]",57.6,7704095,20160000,0.38214756944444445
"[64, 5, 55, 103, 103]",60.5,7724925,20160000,0.3831808035714286
"[65, 5, 55, 103, 103]",60.6,7694700,20160000,0.3816815476190476
"[66, 5, 55, 103, 103]",62.0,7715779,20160000,0.38272713293650795
"[67, 5, 55, 103, 103]",62.3,7716984,20160000,0.38278690476190474
"[68, 5, 55, 103, 103]",61.0,7711272,20160000,0.38250357142857144
"[69, 5, 55, 103, 103]",63.1,7705493,20160000,0.3822169146825397
"[70, 5, 55, 103, 103]",60.6,7699568,20160000,0.38192301587301586
"[71, 5, 55, 103, 103]",62.7,7703719,20160000,0.3821289186507936
"[72, 5, 55, 103, 103]",62.2,7688657,20160000,0.38138179563492064
"[73, 5, 55, 103, 103]",61.5,7670658,20160000,0.38048898809523807
"[74, 5, 55, 103, 103]",62.7,7668278,20160000,0.3803709325396825
"[75, 5, 55, 103, 103]",62.4,7679350,20160000,0.38092013888888887
"[76, 5, 55, 103, 103]",63.2,7672426,20160000,0.3805766865079365
"[77, 5, 55, 103, 103]",63.4,7675291,20160000,0.3807187996031746
"[78, 5, 55, 103, 103]",61.1,7658368,20160000,0.3798793650793651
"[79, 5, 55, 103, 103]",62.0,7654886,20160000,0.37970664682539684
"[80, 5, 55, 103, 103]",62.0,7665381,20160000,0.38022723214285714
"[81, 5, 55, 103, 103]",61.4,7656173,20160000,0.37977048611111114
"[82, 5, 55, 103, 103]",61.9,7654453,20160000,0.37968516865079366
"[83, 5, 55, 103, 103]",61.2,7646911,20160000,0.37931106150793653
"[84, 5, 55, 103, 103]",62.1,7644589,20160000,0.3791958829365079
"[85, 5, 55, 103, 103]",62.4,7644730,20160000,0.37920287698412697
"[86, 5, 55, 103, 103]",61.9,7652777,20160000,0.3796020337301587
"[87, 5, 55, 103, 103]",62.3,7647324,20160000,0.37933154761904764
"[88, 5, 55, 103, 103]",62.3,7634649,20160000,0.3787028273809524
"[89, 5, 55, 103, 103]",64.1,7622308,20160000,0.3780906746031746
"[90, 5, 55, 103, 103]",59.9,7599113,20160000,0.37694012896825396
"[91, 5, 55, 103, 103]",62.1,7604050,20160000,0.37718501984126984
"[92, 5, 55, 103, 103]",63.3,7588482,20160000,0.3764127976190476
"[93, 5, 55, 103, 103]",62.3,7602394,20160000,0.377102876984127
"[94, 5, 55, 103, 103]",62.5,7599620,20160000,0.3769652777777778
"[95, 5, 55, 103, 103]",61.0,7598581,20160000,0.37691374007936507
"[96, 5, 55, 103, 103]",63.0,7603512,20160000,0.3771583333333333
"[97, 5, 55, 103, 103]",62.8,7571696,20160000,0.3755801587301587
"[98, 5, 55, 103, 103]",62.6,7577139,20160000,0.37585014880952383
"[99, 5, 55, 103, 103]",60.5,7590339,20160000,0.3765049107142857
"[100, 5, 55, 103, 103]",62.6,7572678,20160000,0.37562886904761905
"[101, 5, 55, 103, 103]",61.6,7570971,20160000,0.37554419642857145
"[102, 5, 55, 103, 103]",61.4,7555293,20160000,0.3747665178571429
"[103, 5, 55, 103, 103]",60.8,7554761,20160000,0.374740128968254
"[104, 5, 55, 103, 103]",60.9,7553747,20160000,0.37468983134920636
"[105, 5, 55, 103, 103]",60.8,7535054,20160000,0.3737625992063492
"[106, 5, 55, 103, 103]",62.4,7540432,20160000,0.3740293650793651
"[107, 5, 55, 103, 103]",59.8,7531936,20160000,0.3736079365079365
"[108, 5, 55, 103, 103]",59.8,7523652,20160000,0.3731970238095238
"[109, 5, 55, 103, 103]",63.0,7531413,20160000,0.37358199404761905
"[110, 5, 55, 103, 103]",61.4,7530616,20160000,0.3735424603174603
"[111, 5, 55, 103, 103]",62.7,7522960,20160000,0.3731626984126984
"[111, 6, 55, 103, 103]",54.7,7422629,20160000,0.3681859623015873
"[111, 7, 55, 103, 103]",60.1,7515654,20160000,0.3728002976190476
"[111, 8, 55, 103, 103]",57.5,7464841,20160000,0.3702798115079365
"[111, 9, 55, 103, 103]",58.3,7487351,20160000,0.37139637896825395
"[111, 10, 55, 103, 103]",56.4,7490794,20160000,0.3715671626984127
"[111, 11, 55, 103, 103]",63.5,7492982,20160000,0.3716756944444444
"[111, 12, 55, 103, 103]",62.9,7506832,20160000,0.3723626984126984
"[111, 13, 55, 103, 103]",59.6,7456032,20160000,0.36984285714285714
"[111, 14, 55, 103, 103]",58.3,7466405,20160000,0.3703573908730159
"[111, 15, 55, 103, 103]",64.5,7506709,20160000,0.3723565972222222
"[111, 16, 55, 103, 103]",63.7,7508456,20160000,0.37244325396825395
"[111, 17, 55, 103, 103]",64.7,7507710,20160000,0.37240625
"[111, 18, 55, 103, 103]",65.6,7507313,20160000,0.37238655753968253
"[111, 19, 55, 103, 103]",65.8,7374697,20160000,0.3658083829365079
"[111, 20, 55, 103, 103]",59.1,7328473,20160000,0.3635155257936508
"[111, 21, 55, 103, 103]",64.7,7273098,20160000,0.36076875
"[111, 22, 55, 103, 103]",66.3,7258979,20160000,0.3600684027777778
"[111, 23, 55, 103, 103]",67.3,7276373,20160000,0.3609312003968254
"[111, 24, 55, 103, 103]",66.9,7269902,20160000,0.3606102182539683
"[111, 25, 55, 103, 103]",57.9,6932574,20160000,0.3438776785714286
"[111, 26, 55, 103, 103]",59.1,6933522,20160000,0.3439247023809524
"[111, 27, 55, 103, 103]",60.8,6951840,20160000,0.3448333333333333
"[111, 28, 55, 103, 103]",58.8,6944868,20160000,0.3444875
"[111, 29, 55, 103, 103]",64.8,6993710,20160000,0.3469102182539682
"[111, 30, 55, 103, 103]",65.3,6970078,20160000,0.34573799603174604
"[111, 31, 55, 103, 103]",66.4,6988020,20160000,0.3466279761904762
"[111, 32, 55, 103, 103]",67.2,6979289,20160000,0.34619489087301586
"[111, 33, 55, 103, 103]",67.1,6893175,20160000,0.3419233630952381
"[111, 34, 55, 103, 103]",57.1,6722778,20160000,0.33347113095238096
"[111, 35, 55, 103, 103]",58.9,6757554,20160000,0.33519613095238093
"[111, 36, 55, 103, 103]",60.3,6786564,20160000,0.33663511904761906
"[111, 37, 55, 103, 103]",58.0,6786564,20160000,0.33663511904761906
"[111, 38, 55, 103, 103]",66.1,6859687,20160000,0.34026225198412696
"[111, 39, 55, 103, 103]",65.7,6791466,20160000,0.3368782738095238
"[111, 40, 55, 103, 103]",65.6,6797154,20160000,0.3371604166666667
"[111, 41, 55, 103, 103]",61.1,6743976,20160000,0.33452261904761904
"[111, 42, 55, 103, 103]",60.6,6753234,20160000,0.3349818452380952
"[111, 43, 55, 103, 103]",64.2,6799494,20160000,0.3372764880952381
"[111, 44, 55, 103, 103]",60.6,6728940,20160000,0.3337767857142857
"[111, 45, 55, 103, 103]",60.4,6762078,20160000,0.3354205357142857
"[111, 46, 55, 103, 103]",60.4,6741966,20160000,0.3344229166666667
"[111, 47, 55, 103, 103]",63.9,6796356,20160000,0.3371208333333333
"[111, 48, 55, 103, 103]",60.3,6722484,20160000,0.33345654761904764
"[111, 49, 55, 103, 103]",60.5,6753396,20160000,0.33498988095238097
"[111, 50, 55, 103, 103]",67.5,6815145,20160000,0.3380528273809524
"[111, 51, 55, 103, 103]",61.5,6752820,20160000,0.33496130952380954
"[111, 52, 55, 103, 103]",66.9,6790980,20160000,0.3368541666666667
"[111, 53, 55, 103, 103]",66.8,6789732,20160000,0.3367922619047619
"[111, 54, 55, 103, 103]",66.3,6785118,20160000,0.3365633928571429
"[111, 55, 55, 103, 103]",66.7,6778500,20160000,0.33623511904761905
"[111, 56, 55, 103, 103]",65.8,6788658,20160000,0.3367389880952381
"[111, 57, 55, 103, 103]",66.2,6788562,20160000,0.3367342261904762
"[111, 58, 55, 103, 103]",66.1,6768186,20160000,0.3357235119047619
"[111, 59, 55, 103, 103]",67.3,6777438,20160000,0.3361824404761905
"[111, 60, 55, 103, 103]",66.4,6791253,20160000,0.33686770833333335
"[111, 61, 55, 103, 103]",60.8,6639954,20160000,0.32936279761904763
"[111, 62, 55, 103, 103]",66.7,6688470,20160000,0.33176934523809526
"[111, 63, 55, 103, 103]",60.1,6645048,20160000,0.3296154761904762
"[111, 64, 55, 103, 103]",66.0,6680808,20160000,0.3313892857142857
"[111, 65, 55, 103, 103]",60.8,6610146,20160000,0.3278842261904762
"[111, 66, 55, 103, 103]",61.1,6618282,20160000,0.32828779761904764
"[111, 67, 55, 103, 103]",67.2,6673968,20160000,0.33105
"[111, 68, 55, 103, 103]",67.5,6674376,20160000,0.3310702380952381
"[111, 69, 55, 103, 103]",65.1,6611958,20160000,0.32797410714285713
"[111, 70, 55, 103, 103]",66.6,6590196,20160000,0.32689464285714287
"[111, 71, 55, 103, 103]",67.8,6580584,20160000,0.32641785714285715
"[111, 72, 55, 103, 103]",68.2,6574026,20160000,0.3260925595238095
"[111, 73, 55, 103, 103]",67.6,6603960,20160000,0.3275773809523809
"[111, 74, 55, 103, 103]",68.1,6602946,20160000,0.32752708333333336
"[111, 75, 55, 103, 103]",67.1,6580572,20160000,0.3264172619047619
"[111, 76, 55, 103, 103]",68.3,6596754,20160000,0.32721994047619046
"[111, 77, 55, 103, 103]",67.7,6585456,20160000,0.3266595238095238
"[111, 78, 55, 103, 103]",68.9,6580740,20160000,0.3264255952380952
"[111, 79, 55, 103, 103]",67.6,6567858,20160000,0.3257866071428571
"[111, 80, 55, 103, 103]",68.0,6567294,20160000,0.32575863095238095
"[111, 81, 55, 103, 103]",69.9,6571374,20160000,0.3259610119047619
"[111, 82, 55, 103, 103]",67.8,6562728,20160000,0.3255321428571429
"[111, 83, 55, 103, 103]",67.7,6573342,20160000,0.32605863095238097
"[111, 84, 55, 103, 103]",67.5,6575124,20160000,0.3261470238095238
"[111, 85, 55, 103, 103]",68.2,6475140,20160000,0.3211875
"[111, 86, 55, 103, 103]",70.5,6473286,20160000,0.32109553571428573
"[111, 87, 55, 103, 103]",68.7,6462024,20160000,0.3205369047619048
"[111, 88, 55, 103, 103]",68.1,6449970,20160000,0.3199389880952381
"[111, 89, 55, 103, 103]",66.9,6341052,20160000,0.3145363095238095
"[111, 90, 55, 103, 103]",66.8,6348330,20160000,0.3148973214285714
"[111, 91, 55, 103, 103]",69.2,6338586,20160000,0.3144139880952381
"[111, 92, 55, 103, 103]",68.6,6328710,20160000,0.3139241071428571
"[111, 93, 55, 103, 103]",69.1,6332550,20160000,0.3141145833333333
"[111, 94, 55, 103, 103]",69.1,6319536,20160000,0.3134690476190476
"[111, 95, 55, 103, 103]",67.0,6278580,20160000,0.3114375
"[111, 96, 55, 103, 103]",66.0,6248508,20160000,0.3099458333333333
"[111, 97, 55, 103, 103]",68.4,6248376,20160000,0.3099392857142857
"[111, 98, 55, 103, 103]",69.5,6256914,20160000,0.3103627976190476
"[111, 99, 55, 103, 103]",70.0,6249660,20160000,0.3100029761904762
"[111, 100, 55, 103, 103]",66.7,6217656,20160000,0.3084154761904762
"[111, 101, 55, 103, 103]",67.0,6226062,20160000,0.30883244047619046
"[111, 102, 55, 103, 103]",67.2,6213552,20160000,0.30821190476190474
"[111, 103, 55, 103, 103]",68.6,6202194,20160000,0.3076485119047619
"[111, 104, 55, 103, 103]",69.3,6201600,20160000,0.3076190476190476
"[111, 105, 55, 103, 103]",68.6,6157680,20160000,0.3054404761904762
"[111, 106, 55, 103, 103]",67.5,6190494,20160000,0.30706815476190474
"[111, 107, 55, 103, 103]",69.6,6188232,20160000,0.30695595238095236
"[111, 108, 55, 103, 103]",70.1,6189048,20160000,0.30699642857142856
"[111, 109, 55, 103, 103]",67.8,6178986,20160000,0.30649732142857145
"[111, 110, 55, 103, 103]",68.2,6163866,20160000,0.3057473214285714
"[111, 111, 55, 103, 103]",69.0,6156612,20160000,0.3053875
"[111, 112, 55, 103, 103]",68.6,6153546,20160000,0.30523541666666665
"[111, 113, 55, 103, 103]",67.2,6117474,20160000,0.30344613095238093
"[111, 114, 55, 103, 103]",69.7,6085686,20160000,0.3018693452380952
"[111, 115, 55, 103, 103]",69.0,6092976,20160000,0.3022309523809524
"[111, 116, 55, 103, 103]",70.4,6024918,20160000,0.29885505952380953
"[111, 116, 55, 103, 104]",70.0,5747214,20160000,0.28508005952380955
"[111, 116, 55, 104, 104]",70.0,5639034,20160000,0.2797139880952381
"[111, 116, 56, 104, 104]",71.8,4360392,20160000,0.2162892857142857
"[111, 117, 56, 104, 104]",73.2,1345236,20160000,0.06672797619047618
"[112, 117, 56, 104, 104]",75.8,0,20160000,0.0
