11,11,11,11,11,11,11,11,11,11,11,11,11,11,11,11,11
"[(0, 31562868, 93.2, 65536000), (1, 31494828, 93.5, 65536000), (2, 31238644, 93.5, 65536000), (3, 31167156, 93.3, 65536000), (4, 20608596, 93.5, 65536000), (5, 20486568, 93.5, 65536000), (6, 20377204, 93.8, 65536000), (7, 20234480, 93.7, 65536000), (8, 20200504, 93.6, 65536000), (9, 20146110, 93.6, 65536000), (10, 20100816, 93.6, 65536000), (-1, 0, 93.5, 100)]","[(0, 26232544, 93.7, 65536000), (1, 25789430, 93.2, 65536000), (2, 24572728, 93.8, 65536000), (3, 24152072, 94.1, 65536000), (4, 15760333, 93.9, 65536000), (5, 15170494, 93.5, 65536000), (6, 14933232, 93.5, 65536000), (7, 14586690, 93.5, 65536000), (8, 14432408, 93.8, 65536000), (9, 14235072, 93.7, 65536000), (10, 14068486, 93.7, 65536000), (-1, 0, 93.5, 100)]","[(0, 27853850, 93.0, 65536000), (1, 27553298, 93.1, 65536000), (2, 26700960, 92.3, 65536000), (3, 26417172, 92.0, 65536000), (4, 16468690, 93.3, 65536000), (5, 16125612, 93.2, 65536000), (6, 15685518, 93.4, 65536000), (7, 15221480, 93.7, 65536000), (8, 15076638, 93.7, 65536000), (9, 14929864, 93.7, 65536000), (10, 14583786, 93.7, 65536000), (-1, 0, 93.5, 100)]","[(0, 33808152, 91.0, 65536000), (1, 33397484, 92.0, 65536000), (2, 32184742, 90.2, 65536000), (3, 31764298, 90.9, 65536000), (4, 18237748, 92.5, 65536000), (5, 17508028, 92.5, 65536000), (6, 16740546, 93.3, 65536000), (7, 15817202, 93.8, 65536000), (8, 15325510, 93.9, 65536000), (9, 14954538, 93.6, 65536000), (10, 14101986, 93.5, 65536000), (-1, 0, 93.5, 100)]","[(0, 15882627, 93.4, 65536000), (1, 15486255, 93.6, 65536000), (2, 14501409, 93.1, 65536000), (3, 14138103, 92.9, 65536000), (4, 7722666, 93.8, 65536000), (5, 7350316, 93.6, 65536000), (6, 7072720, 93.9, 65536000), (7, 6687482, 94.0, 65536000), (8, 6489290, 94.0, 65536000), (9, 6290832, 93.9, 65536000), (10, 5984006, 93.8, 65536000), (-1, 0, 93.5, 100)]","[(0, 16654791, 90.6, 32768000), (1, 16332519, 91.0, 32768000), (2, 15572169, 91.3, 32768000), (3, 15246036, 91.2, 32768000), (4, 8973630, 92.4, 32768000), (5, 8658194, 93.0, 32768000), (6, 8427878, 92.9, 32768000), (7, 8112242, 93.8, 32768000), (8, 7942714, 93.5, 32768000), (9, 7809280, 93.8, 32768000), (10, 7595348, 93.6, 32768000), (-1, 0, 93.5, 100)]","[(0, 16198332, 92.1, 32768000), (1, 15902718, 92.2, 32768000), (2, 15158820, 91.6, 32768000), (3, 14843286, 92.3, 32768000), (4, 8855418, 92.9, 32768000), (5, 8499724, 92.8, 32768000), (6, 8314748, 93.0, 32768000), (7, 8089744, 93.4, 32768000), (8, 7931144, 93.7, 32768000), (9, 7772506, 93.2, 32768000), (10, 7501752, 93.6, 32768000), (-1, 0, 93.5, 100)]","[(0, 20937004, 93.0, 32768000), (1, 20683572, 92.7, 32768000), (2, 19951634, 92.6, 32768000), (3, 19662188, 93.2, 32768000), (4, 12716824, 93.7, 32768000), (5, 12330972, 93.3, 32768000), (6, 12097852, 93.6, 32768000), (7, 11891568, 93.5, 32768000), (8, 11760084, 93.9, 32768000), (9, 11653052, 94.0, 32768000), (10, 11485546, 93.5, 32768000), (-1, 0, 93.5, 100)]","[(0, 14971833, 92.2, 32768000), (1, 14608752, 92.5, 32768000), (2, 13762689, 91.9, 32768000), (3, 13394749, 92.3, 32768000), (4, 7939511, 93.1, 32768000), (5, 7529060, 93.5, 32768000), (6, 7372880, 93.2, 32768000), (7, 7173302, 93.2, 32768000), (8, 7011978, 93.1, 32768000), (9, 6828410, 93.5, 32768000), (10, 6557568, 93.7, 32768000), (-1, 0, 93.5, 100)]","[(0, 9260682, 91.2, 16384000), (1, 8987352, 91.0, 16384000), (2, 8511660, 91.2, 16384000), (3, 8178441, 90.9, 16384000), (4, 4932160, 92.5, 16384000), (5, 4712538, 93.0, 16384000), (6, 4570222, 93.2, 16384000), (7, 4465102, 93.3, 16384000), (8, 4365324, 93.2, 16384000), (9, 4280074, 92.8, 16384000), (10, 4179636, 93.1, 16384000), (-1, 0, 93.5, 100)]","[(0, 10339839, 90.8, 16384000), (1, 10063887, 91.6, 16384000), (2, 9676176, 93.1, 16384000), (3, 9363390, 92.5, 16384000), (4, 6026584, 93.0, 16384000), (5, 5822144, 93.1, 16384000), (6, 5688754, 93.7, 16384000), (7, 5588388, 93.5, 16384000), (8, 5510752, 93.8, 16384000), (9, 5444502, 93.5, 16384000), (10, 5357374, 93.5, 16384000), (-1, 0, 93.5, 100)]","[(0, 10805835, 93.0, 16384000), (1, 10528041, 93.0, 16384000), (2, 10106856, 93.1, 16384000), (3, 9757510, 93.4, 16384000), (4, 6499951, 93.6, 16384000), (5, 6298666, 94.0, 16384000), (6, 6146322, 93.9, 16384000), (7, 6029638, 93.4, 16384000), (8, 5947802, 93.9, 16384000), (9, 5885574, 93.9, 16384000), (10, 5806594, 93.9, 16384000), (-1, 0, 93.5, 100)]","[(0, 9892308, 93.2, 16384000), (1, 9485793, 93.0, 16384000), (2, 9027174, 93.3, 16384000), (3, 8572425, 93.0, 16384000), (4, 5639496, 93.9, 16384000), (5, 5408630, 93.2, 16384000), (6, 5237092, 93.8, 16384000), (7, 5108340, 93.5, 16384000), (8, 5014064, 93.6, 16384000), (9, 4946114, 93.6, 16384000), (10, 4859884, 93.9, 16384000), (-1, 0, 93.5, 100)]","[(0, 4989342, 91.8, 8192000), (1, 4635078, 93.2, 8192000), (2, 4114074, 93.5, 8192000), (3, 3653742, 93.6, 8192000), (4, 2644872, 93.3, 8192000), (5, 2419572, 93.4, 8192000), (6, 2289788, 93.6, 8192000), (7, 2180152, 92.8, 8192000), (8, 2060070, 93.4, 8192000), (9, 1994464, 93.5, 8192000), (10, 1867982, 93.3, 8192000), (-1, 0, 93.5, 100)]","[(0, 4257999, 93.1, 8192000), (1, 3855297, 93.5, 8192000), (2, 3249630, 93.6, 8192000), (3, 2801937, 93.8, 8192000), (4, 2186602, 93.8, 8192000), (5, 1918234, 93.5, 8192000), (6, 1767656, 93.6, 8192000), (7, 1663686, 93.4, 8192000), (8, 1553354, 93.5, 8192000), (9, 1492686, 93.5, 8192000), (10, 1407782, 93.4, 8192000), (-1, 0, 93.5, 100)]","[(0, 4633404, 93.0, 8192000), (1, 4041591, 93.3, 8192000), (2, 3298368, 93.3, 8192000), (3, 2861142, 93.3, 8192000), (4, 2384195, 93.7, 8192000), (5, 2131081, 93.5, 8192000), (6, 1956987, 93.6, 8192000), (7, 1835991, 93.6, 8192000), (8, 1633528, 93.5, 8192000), (9, 1569610, 93.6, 8192000), (10, 1505926, 93.5, 8192000), (-1, 0, 93.5, 100)]","[(0, 3001965, 93.6, 8192000), (1, 2823132, 93.5, 8192000), (2, 2564306, 93.5, 8192000), (3, 2371335, 93.5, 8192000), (4, 1707930, 93.5, 8192000), (5, 1606146, 93.6, 8192000), (6, 1528445, 93.6, 8192000), (7, 1482989, 93.5, 8192000), (8, 1430876, 93.5, 8192000), (9, 1392042, 93.5, 8192000), (10, 1345254, 93.5, 8192000), (-1, 0, 93.5, 100)]"
option,accuracy,operations saved,total operations,% saved,,,,,,,,,,,,
"[0, 0, 0, 0, 0, 0, 0, 0, 0, 0, 0, 0, 0, 0, 0, 0, 0]",16.5,245977662,557056000,0.441567207,,,,,,,,,,,,
"[1, 0, 0, 0, 0, 0, 0, 0, 0, 0, 0, 0, 0, 0, 0, 0, 0]",16.5,245991447,557056000,0.441591953,,,,,,,,,,,,
"[1, 0, 0, 0, 0, 0, 0, 0, 0, 0, 0, 0, 0, 1, 0, 0, 0]",17.2,245886816,557056000,0.441404125,,,,,,,,,,,,
"[1, 0, 0, 0, 0, 0, 0, 0, 0, 0, 1, 0, 0, 1, 0, 0, 0]",16.4,245945088,557056000,0.441508732,,,,,,,,,,,,
"[1, 0, 0, 0, 0, 0, 0, 0, 0, 0, 2, 0, 0, 1, 0, 0, 0]",16.1,245866629,557056000,0.441367886,,,,,,,,,,,,
"[1, 0, 0, 1, 0, 0, 0, 0, 0, 0, 2, 0, 0, 1, 0, 0, 0]",16.3,245611469,557056000,0.440909835,,,,,,,,,,,,
"[1, 0, 0, 1, 0, 1, 0, 0, 0, 0, 2, 0, 0, 1, 0, 0, 0]",16.3,245452830,557056000,0.440625054,,,,,,,,,,,,
"[1, 0, 0, 1, 0, 1, 0, 0, 0, 0, 2, 0, 0, 1, 1, 0, 0]",16.8,245452719,557056000,0.440624855,,,,,,,,,,,,
"[1, 0, 0, 1, 0, 1, 0, 0, 1, 0, 2, 0, 0, 1, 1, 0, 0]",17.8,245608725,557056000,0.440904909,,,,,,,,,,,,
"[1, 0, 0, 1, 0, 1, 0, 0, 1, 0, 2, 0, 0, 2, 1, 0, 0]",18,245431275,557056000,0.440586359,,,,,,,,,,,,
"[1, 0, 0, 1, 0, 1, 0, 0, 1, 0, 2, 0, 0, 2, 1, 1, 0]",18.5,244844790,557056000,0.43953353,,,,,,,,,,,,
"[1, 0, 0, 1, 1, 1, 0, 0, 1, 0, 2, 0, 0, 2, 1, 1, 0]",18.5,244759100,557056000,0.439379703,,,,,,,,,,,,
"[1, 0, 0, 1, 1, 2, 0, 0, 1, 0, 2, 0, 0, 2, 1, 1, 0]",18.9,244369242,557056000,0.438679849,,,,,,,,,,,,
"[1, 0, 0, 1, 1, 2, 1, 0, 1, 0, 2, 0, 0, 2, 1, 1, 0]",18.5,243902063,557056000,0.437841192,,,,,,,,,,,,
"[1, 0, 1, 1, 1, 2, 1, 0, 1, 0, 2, 0, 0, 2, 1, 1, 0]",19.2,243558153,557056000,0.437223821,,,,,,,,,,,,
"[1, 0, 1, 1, 1, 2, 1, 0, 1, 0, 2, 0, 0, 3, 1, 1, 0]",20,243309375,557056000,0.436777227,,,,,,,,,,,,
"[1, 0, 1, 1, 1, 2, 1, 0, 1, 0, 2, 0, 0, 3, 2, 1, 0]",21,243053800,557056000,0.436318431,,,,,,,,,,,,
"[1, 0, 1, 1, 1, 2, 1, 0, 1, 0, 2, 0, 0, 3, 3, 1, 0]",20.8,242736948,557056000,0.435749634,,,,,,,,,,,,
"[1, 0, 1, 1, 1, 2, 1, 0, 1, 0, 2, 0, 0, 3, 3, 2, 0]",21.6,242151325,557056000,0.434698352,,,,,,,,,,,,
"[1, 0, 1, 1, 1, 2, 1, 0, 1, 0, 2, 0, 0, 3, 3, 3, 0]",21.9,241829813,557056000,0.434121189,,,,,,,,,,,,
"[1, 0, 1, 1, 1, 2, 1, 0, 1, 0, 2, 0, 0, 3, 3, 4, 0]",21.7,241734122,557056000,0.433949409,,,,,,,,,,,,
"[1, 0, 1, 1, 1, 2, 1, 0, 1, 0, 2, 0, 0, 3, 4, 4, 0]",21.4,241084868,557056000,0.4327839,,,,,,,,,,,,
"[1, 0, 1, 1, 1, 2, 1, 0, 1, 0, 2, 1, 0, 3, 4, 4, 0]",21.2,240970621,557056000,0.432578809,,,,,,,,,,,,
"[1, 0, 1, 1, 1, 2, 1, 0, 1, 0, 2, 2, 0, 3, 4, 4, 0]",20.4,240722219,557056000,0.43213289,,,,,,,,,,,,
"[1, 0, 1, 1, 1, 2, 1, 0, 1, 0, 2, 3, 0, 3, 4, 4, 0]",20.1,240402907,557056000,0.431559676,,,,,,,,,,,,
"[1, 0, 1, 1, 1, 2, 1, 0, 1, 0, 2, 4, 0, 3, 4, 4, 0]",21,237353441,557056000,0.426085422,,,,,,,,,,,,
"[1, 0, 1, 1, 1, 2, 1, 0, 1, 0, 2, 5, 0, 3, 4, 4, 0]",20.8,237232242,557056000,0.425867852,,,,,,,,,,,,
"[2, 0, 1, 1, 1, 2, 1, 0, 1, 0, 2, 5, 0, 3, 4, 4, 0]",20.6,237010469,557056000,0.425469736,,,,,,,,,,,,
"[2, 0, 1, 1, 1, 2, 1, 0, 1, 0, 2, 5, 0, 4, 4, 4, 0]",19.4,235904676,557056000,0.423484669,,,,,,,,,,,,
"[2, 0, 1, 1, 1, 2, 1, 0, 1, 0, 2, 5, 0, 5, 4, 4, 0]",19.5,235848719,557056000,0.423384218,,,,,,,,,,,,
"[2, 0, 1, 1, 1, 2, 1, 0, 1, 0, 2, 5, 0, 6, 4, 4, 0]",19.8,235783006,557056000,0.423266253,,,,,,,,,,,,
"[2, 0, 1, 1, 1, 3, 1, 0, 1, 0, 2, 5, 0, 6, 4, 4, 0]",19.8,235554154,557056000,0.422855429,,,,,,,,,,,,
"[2, 0, 1, 1, 1, 4, 1, 0, 1, 0, 2, 5, 0, 6, 4, 4, 0]",21.4,229323981,557056000,0.411671324,,,,,,,,,,,,
"[2, 0, 1, 1, 1, 5, 1, 0, 1, 0, 2, 5, 0, 6, 4, 4, 0]",22.1,229157594,557056000,0.411372634,,,,,,,,,,,,
"[2, 0, 1, 1, 1, 6, 1, 0, 1, 0, 2, 5, 0, 6, 4, 4, 0]",22.7,229013931,557056000,0.411114737,,,,,,,,,,,,
"[2, 0, 1, 1, 1, 7, 1, 0, 1, 0, 2, 5, 0, 6, 4, 4, 0]",23.1,228790164,557056000,0.410713041,,,,,,,,,,,,
"[2, 0, 1, 1, 1, 7, 1, 0, 1, 0, 2, 5, 1, 6, 4, 4, 0]",24.1,228444448,557056000,0.410092429,,,,,,,,,,,,
"[2, 0, 1, 1, 1, 7, 1, 0, 1, 0, 2, 5, 2, 6, 4, 4, 0]",25.1,227900406,557056000,0.409115791,,,,,,,,,,,,
"[2, 0, 1, 1, 2, 7, 1, 0, 1, 0, 2, 5, 2, 6, 4, 4, 0]",24.5,227734856,557056000,0.408818604,,,,,,,,,,,,
"[2, 0, 1, 1, 3, 7, 1, 0, 1, 0, 2, 5, 2, 6, 4, 4, 0]",25.4,227520812,557056000,0.408434362,,,,,,,,,,,,
"[2, 0, 1, 1, 4, 7, 1, 0, 1, 0, 2, 5, 2, 6, 4, 4, 0]",25.3,221836530,557056000,0.398230214,,,,,,,,,,,,
"[2, 0, 1, 1, 5, 7, 1, 0, 1, 0, 2, 5, 2, 6, 4, 4, 0]",25.6,221765708,557056000,0.398103078,,,,,,,,,,,,
"[2, 0, 1, 1, 6, 7, 1, 0, 1, 0, 2, 5, 2, 6, 4, 4, 0]",24.7,221546516,557056000,0.397709595,,,,,,,,,,,,
"[2, 0, 1, 1, 7, 7, 1, 0, 1, 0, 2, 5, 2, 6, 4, 4, 0]",25.5,221220063,557056000,0.397123562,,,,,,,,,,,,
"[2, 0, 1, 1, 8, 7, 1, 0, 1, 0, 2, 5, 2, 6, 4, 4, 0]",25.7,221105162,557056000,0.396917297,,,,,,,,,,,,
"[2, 0, 1, 1, 9, 7, 1, 0, 1, 0, 2, 5, 2, 6, 4, 4, 0]",25.8,220939967,557056000,0.396620747,,,,,,,,,,,,
"[2, 0, 1, 1, 10, 7, 1, 0, 1, 0, 2, 5, 2, 6, 4, 4, 0]",26,220744715,557056000,0.39627024,,,,,,,,,,,,
"[2, 0, 1, 1, 10, 7, 1, 0, 1, 0, 2, 5, 2, 6, 4, 4, 1]",26.1,220633325,557056000,0.396070278,,,,,,,,,,,,
"[2, 0, 1, 1, 10, 7, 1, 0, 1, 0, 2, 5, 2, 6, 4, 4, 2]",26.1,220503399,557056000,0.395837042,,,,,,,,,,,,
"[2, 0, 1, 1, 10, 7, 1, 0, 1, 0, 2, 5, 2, 6, 4, 4, 3]",26,220399292,557056000,0.395650154,,,,,,,,,,,,
"[2, 0, 1, 1, 10, 7, 1, 0, 1, 0, 2, 5, 2, 6, 4, 4, 4]",26.1,219961565,557056000,0.394864367,,,,,,,,,,,,
"[2, 0, 1, 1, 10, 7, 1, 0, 1, 0, 2, 5, 2, 6, 4, 4, 5]",26.1,219921215,557056000,0.394791933,,,,,,,,,,,,
"[2, 0, 1, 1, 10, 7, 1, 0, 1, 0, 2, 5, 2, 6, 4, 4, 6]",26.1,219893365,557056000,0.394741938,,,,,,,,,,,,
"[2, 0, 1, 1, 10, 7, 1, 0, 1, 0, 2, 6, 2, 6, 4, 4, 6]",24.6,219806977,557056000,0.394586858,,,,,,,,,,,,
"[2, 0, 1, 1, 10, 7, 1, 0, 1, 0, 2, 6, 3, 6, 4, 4, 6]",24.4,219492274,557056000,0.394021919,,,,,,,,,,,,
"[2, 0, 1, 1, 10, 7, 1, 0, 1, 0, 2, 6, 4, 6, 4, 4, 6]",25.8,216824401,557056000,0.389232682,,,,,,,,,,,,
"[2, 0, 1, 1, 10, 7, 1, 0, 2, 0, 2, 6, 4, 6, 4, 4, 6]",25.5,217017527,557056000,0.389579373,,,,,,,,,,,,
"[2, 0, 1, 1, 10, 7, 1, 0, 3, 0, 2, 6, 4, 6, 4, 4, 6]",24.7,216858789,557056000,0.389294414,,,,,,,,,,,,
"[2, 0, 1, 1, 10, 7, 1, 0, 4, 0, 2, 6, 4, 6, 4, 4, 6]",25.8,211342420,557056000,0.379391695,,,,,,,,,,,,
"[2, 0, 1, 1, 10, 7, 1, 0, 5, 0, 2, 6, 4, 6, 4, 4, 6]",25.6,211371788,557056000,0.379444415,,,,,,,,,,,,
"[2, 0, 1, 1, 10, 7, 1, 0, 5, 1, 2, 6, 4, 6, 4, 4, 6]",25.2,211188407,557056000,0.379115218,,,,,,,,,,,,
"[2, 0, 1, 1, 10, 7, 1, 0, 5, 2, 2, 6, 4, 6, 4, 4, 6]",26.3,210770247,557056000,0.378364558,,,,,,,,,,,,
"[2, 0, 1, 1, 10, 7, 1, 0, 5, 2, 2, 6, 4, 6, 4, 5, 6]",27.5,210606656,557056000,0.378070887,,,,,,,,,,,,
"[2, 0, 1, 1, 10, 7, 1, 0, 5, 2, 2, 6, 4, 6, 4, 6, 6]",28.6,210474432,557056000,0.377833525,,,,,,,,,,,,
"[2, 0, 1, 1, 10, 7, 1, 0, 5, 2, 2, 6, 4, 6, 4, 7, 6]",28.8,210427139,557056000,0.377748627,,,,,,,,,,,,
"[2, 0, 1, 1, 10, 7, 1, 0, 5, 2, 2, 6, 4, 6, 4, 8, 6]",28.6,210355525,557056000,0.377620069,,,,,,,,,,,,
"[2, 0, 1, 1, 10, 7, 1, 0, 5, 2, 2, 6, 4, 6, 4, 9, 6]",28.9,210334683,557056000,0.377582654,,,,,,,,,,,,
"[2, 0, 1, 1, 10, 7, 2, 0, 5, 2, 2, 6, 4, 6, 4, 9, 6]",28.8,209598921,557056000,0.37626185,,,,,,,,,,,,
"[2, 0, 1, 1, 10, 7, 3, 0, 5, 2, 2, 6, 4, 6, 4, 9, 6]",28.8,209388554,557056000,0.375884209,,,,,,,,,,,,
"[2, 0, 1, 1, 10, 7, 4, 0, 5, 2, 2, 6, 4, 6, 4, 9, 6]",29.7,203224482,557056000,0.364818765,,,,,,,,,,,,
"[2, 0, 1, 1, 10, 7, 5, 0, 5, 2, 2, 6, 4, 6, 4, 9, 6]",30,202577824,557056000,0.363657916,,,,,,,,,,,,
"[2, 0, 1, 1, 10, 7, 6, 0, 5, 2, 2, 6, 4, 6, 4, 9, 6]",30.3,202581998,557056000,0.363665409,,,,,,,,,,,,
"[2, 0, 1, 1, 10, 7, 7, 0, 5, 2, 2, 6, 4, 6, 4, 9, 6]",32.2,202361822,557056000,0.36327016,,,,,,,,,,,,
"[2, 0, 1, 1, 10, 7, 8, 0, 5, 2, 2, 6, 4, 6, 4, 9, 6]",31.8,202224779,557056000,0.363024147,,,,,,,,,,,,
"[2, 0, 1, 1, 10, 7, 8, 0, 5, 3, 2, 6, 4, 6, 4, 9, 6]",31.3,201959674,557056000,0.362548243,,,,,,,,,,,,
"[2, 0, 1, 1, 10, 7, 8, 0, 5, 4, 2, 6, 4, 6, 4, 9, 6]",37,198713824,557056000,0.35672145,,,,,,,,,,,,
"[2, 0, 1, 1, 10, 7, 8, 0, 5, 5, 2, 6, 4, 6, 4, 9, 6]",37.7,198538937,557056000,0.356407501,,,,,,,,,,,,
"[2, 0, 1, 1, 10, 7, 8, 0, 5, 6, 2, 6, 4, 6, 4, 9, 6]",38.9,198395814,557056000,0.356150574,,,,,,,,,,,,
"[2, 0, 1, 1, 10, 7, 8, 0, 5, 7, 2, 6, 4, 6, 4, 9, 6]",39.4,198315753,557056000,0.356006852,,,,,,,,,,,,
"[2, 0, 2, 1, 10, 7, 8, 0, 5, 7, 2, 6, 4, 6, 4, 9, 6]",37.6,198126528,557056000,0.355667165,,,,,,,,,,,,
"[2, 0, 2, 1, 10, 7, 8, 0, 5, 8, 2, 6, 4, 6, 4, 9, 6]",37.1,198026545,557056000,0.35548768,,,,,,,,,,,,
"[2, 0, 3, 1, 10, 7, 8, 0, 5, 8, 2, 6, 4, 6, 4, 9, 6]",35.2,197809476,557056000,0.355098008,,,,,,,,,,,,
"[2, 0, 4, 1, 10, 7, 8, 0, 5, 8, 2, 6, 4, 6, 4, 9, 6]",45.4,187453314,557056000,0.336507127,,,,,,,,,,,,
"[2, 0, 5, 1, 10, 7, 8, 0, 5, 8, 2, 6, 4, 6, 4, 9, 6]",41.1,187396661,557056000,0.336405426,,,,,,,,,,,,
"[2, 0, 6, 1, 10, 7, 8, 0, 5, 8, 2, 6, 4, 6, 4, 9, 6]",46.4,186945413,557056000,0.335595367,,,,,,,,,,,,
"[2, 0, 7, 1, 10, 7, 8, 0, 5, 8, 2, 6, 4, 6, 4, 9, 6]",49.8,186463834,557056000,0.33473086,,,,,,,,,,,,
"[2, 0, 8, 1, 10, 7, 8, 0, 5, 8, 2, 6, 4, 6, 4, 9, 6]",49.5,186352527,557056000,0.334531047,,,,,,,,,,,,
"[2, 0, 9, 1, 10, 7, 8, 0, 5, 8, 2, 6, 4, 6, 4, 9, 6]",49.4,186249533,557056000,0.334346157,,,,,,,,,,,,
"[2, 0, 10, 1, 10, 7, 8, 0, 5, 8, 2, 6, 4, 6, 4, 9, 6]",49.9,185858493,557056000,0.333644181,,,,,,,,,,,,
"[2, 0, 10, 1, 10, 7, 8, 0, 5, 8, 2, 6, 4, 6, 5, 9, 6]",53.3,185665467,557056000,0.33329767,,,,,,,,,,,,
"[2, 0, 10, 1, 10, 7, 8, 0, 5, 8, 2, 6, 4, 6, 6, 9, 6]",53.2,185581780,557056000,0.333147439,,,,,,,,,,,,
"[2, 1, 10, 1, 10, 7, 8, 0, 5, 8, 2, 6, 4, 6, 6, 9, 6]",52.5,185257539,557056000,0.332565378,,,,,,,,,,,,
"[2, 2, 10, 1, 10, 7, 8, 0, 5, 8, 2, 6, 4, 6, 6, 9, 6]",52.6,184012284,557056000,0.330329956,,,,,,,,,,,,
"[2, 3, 10, 1, 10, 7, 8, 0, 5, 8, 2, 6, 4, 6, 6, 9, 6]",52.6,183888158,557056000,0.330107131,,,,,,,,,,,,
"[2, 4, 10, 1, 10, 7, 8, 0, 5, 8, 2, 6, 4, 6, 6, 9, 6]",55.2,175530820,557056000,0.315104442,,,,,,,,,,,,
"[2, 5, 10, 1, 10, 7, 8, 0, 5, 8, 2, 6, 4, 6, 6, 9, 6]",55.3,175036462,557056000,0.314216994,,,,,,,,,,,,
"[2, 6, 10, 1, 10, 7, 8, 0, 5, 8, 2, 6, 4, 6, 6, 9, 6]",55.6,174788692,557056000,0.31377221,,,,,,,,,,,,
"[2, 7, 10, 1, 10, 7, 8, 0, 5, 8, 2, 6, 4, 6, 6, 9, 6]",56.9,174487113,557056000,0.31323083,,,,,,,,,,,,
"[2, 8, 10, 1, 10, 7, 8, 0, 5, 8, 2, 6, 4, 6, 6, 9, 6]",57,174347229,557056000,0.312979717,,,,,,,,,,,,
"[2, 9, 10, 1, 10, 7, 8, 0, 5, 8, 2, 6, 4, 6, 6, 9, 6]",57.5,174164806,557056000,0.31265224,,,,,,,,,,,,
"[2, 10, 10, 1, 10, 7, 8, 0, 5, 8, 2, 6, 4, 6, 6, 9, 6]",57.5,174013519,557056000,0.312380657,,,,,,,,,,,,
"[2, 10, 10, 1, 10, 7, 8, 1, 5, 8, 2, 6, 4, 6, 6, 9, 6]",58.2,173761991,557056000,0.311929126,,,,,,,,,,,,
"[2, 10, 10, 1, 10, 7, 8, 2, 5, 8, 2, 6, 4, 6, 6, 9, 6]",59,172975157,557056000,0.310516639,,,,,,,,,,,,
"[2, 10, 10, 1, 10, 7, 8, 3, 5, 8, 2, 6, 4, 6, 6, 9, 6]",58.4,172657425,557056000,0.309946262,,,,,,,,,,,,
"[2, 10, 10, 1, 10, 7, 8, 4, 5, 8, 2, 6, 4, 6, 6, 9, 6]",62.6,165809148,557056000,0.297652566,,,,,,,,,,,,
"[2, 10, 10, 1, 10, 7, 8, 5, 5, 8, 2, 6, 4, 6, 6, 9, 6]",63.5,165373974,557056000,0.296871363,,,,,,,,,,,,
"[2, 10, 10, 1, 10, 7, 8, 6, 5, 8, 2, 6, 4, 6, 6, 9, 6]",65.4,165221267,557056000,0.296597231,,,,,,,,,,,,
"[2, 10, 10, 1, 10, 7, 8, 7, 5, 8, 2, 6, 4, 6, 6, 9, 6]",67.5,165071937,557056000,0.296329161,,,,,,,,,,,,
"[2, 10, 10, 1, 10, 7, 8, 8, 5, 8, 2, 6, 4, 6, 6, 9, 6]",66.6,164969463,557056000,0.296145204,,,,,,,,,,,,
"[2, 10, 10, 1, 10, 7, 8, 9, 5, 8, 2, 6, 4, 6, 6, 9, 6]",68.1,164896924,557056000,0.296014986,,,,,,,,,,,,
"[2, 10, 10, 2, 10, 7, 8, 9, 5, 8, 2, 6, 4, 6, 6, 9, 6]",66.4,163617687,557056000,0.293718562,,,,,,,,,,,,
"[2, 10, 10, 3, 10, 7, 8, 9, 5, 8, 2, 6, 4, 6, 6, 9, 6]",67.2,163172223,557056000,0.292918886,,,,,,,,,,,,
"[2, 10, 10, 4, 10, 7, 8, 9, 5, 8, 2, 6, 4, 6, 6, 9, 6]",73.3,150015274,557056000,0.269300167,,,,,,,,,,,,
"[2, 10, 10, 5, 10, 7, 8, 9, 5, 8, 2, 6, 4, 6, 6, 9, 6]",73.8,149352437,557056000,0.268110274,,,,,,,,,,,,
"[2, 10, 10, 6, 10, 7, 8, 9, 5, 8, 2, 6, 4, 6, 6, 9, 6]",79,148812384,557056000,0.267140797,,,,,,,,,,,,
"[2, 10, 10, 7, 10, 7, 8, 9, 5, 8, 2, 6, 4, 6, 6, 9, 6]",81.9,147991639,557056000,0.265667436,,,,,,,,,,,,
"[2, 10, 10, 8, 10, 7, 8, 9, 5, 8, 2, 6, 4, 6, 6, 9, 6]",82.3,147540724,557056000,0.264857975,,,,,,,,,,,,
"[2, 10, 10, 9, 10, 7, 8, 9, 5, 8, 2, 6, 4, 6, 6, 9, 6]",82.2,147166118,557056000,0.2641855,,,,,,,,,,,,
"[2, 10, 10, 10, 10, 7, 8, 9, 5, 8, 2, 6, 4, 6, 6, 9, 6]",82.6,146365645,557056000,0.26274853,,,,,,,,,,,,
"[2, 10, 10, 10, 10, 7, 8, 9, 5, 8, 2, 6, 4, 6, 6, 10, 6]",82.7,146309360,557056000,0.26264749,,,,,,,,,,,,
"[2, 10, 10, 10, 10, 8, 8, 9, 5, 8, 2, 6, 4, 6, 6, 10, 6]",82.3,146156621,557056000,0.2623733,,,,,,,,,,,,
"[2, 10, 10, 10, 10, 9, 8, 9, 5, 8, 2, 6, 4, 6, 6, 10, 6]",82.7,146059578,557056000,0.262199093,,,,,,,,,,,,
"[2, 10, 10, 10, 10, 10, 8, 9, 5, 8, 2, 6, 4, 6, 6, 10, 6]",83.3,145865034,557056000,0.261849857,,,,,,,,,,,,
"[2, 10, 10, 10, 10, 10, 8, 9, 5, 8, 3, 6, 4, 6, 6, 10, 6]",82.8,145680411,557056000,0.261518431,,,,,,,,,,,,
"[2, 10, 10, 10, 10, 10, 8, 9, 5, 8, 4, 6, 4, 6, 6, 10, 6]",86.5,142220212,557056000,0.255306849,,,,,,,,,,,,
"[2, 10, 10, 10, 10, 10, 8, 9, 5, 8, 5, 6, 4, 6, 6, 10, 6]",87.2,142209742,557056000,0.255288054,,,,,,,,,,,,
"[2, 10, 10, 10, 10, 10, 8, 9, 5, 8, 6, 6, 4, 6, 6, 10, 6]",86.3,142160231,557056000,0.255199174,,,,,,,,,,,,
"[2, 10, 10, 10, 10, 10, 8, 9, 6, 8, 6, 6, 4, 6, 6, 10, 6]",85.9,142008647,557056000,0.254927058,,,,,,,,,,,,
"[2, 10, 10, 10, 10, 10, 8, 9, 7, 8, 6, 6, 4, 6, 6, 10, 6]",86.1,141822684,557056000,0.254593226,,,,,,,,,,,,
"[2, 10, 10, 10, 10, 10, 8, 9, 8, 8, 6, 6, 4, 6, 6, 10, 6]",86.6,141620924,557056000,0.254231036,,,,,,,,,,,,
"[2, 10, 10, 10, 10, 10, 8, 9, 9, 8, 6, 6, 4, 6, 6, 10, 6]",86.7,141519435,557056000,0.254048848,,,,,,,,,,,,
"[2, 10, 10, 10, 10, 10, 8, 9, 10, 8, 6, 6, 4, 6, 6, 10, 6]",86.3,141362694,557056000,0.253767474,,,,,,,,,,,,
"[2, 10, 10, 10, 10, 10, 8, 9, 10, 8, 6, 6, 4, 6, 7, 10, 6]",86.6,141274846,557056000,0.253609774,,,,,,,,,,,,
"[2, 10, 10, 10, 10, 10, 8, 9, 10, 8, 6, 6, 4, 6, 8, 10, 6]",87.9,141226782,557056000,0.253523491,,,,,,,,,,,,
"[2, 10, 10, 10, 10, 10, 8, 9, 10, 8, 6, 6, 4, 6, 9, 10, 6]",88,141182980,557056000,0.25344486,,,,,,,,,,,,
"[2, 10, 10, 10, 10, 10, 8, 9, 10, 8, 6, 6, 4, 6, 10, 10, 6]",87.9,141107658,557056000,0.253309646,,,,,,,,,,,,
"[2, 10, 10, 10, 10, 10, 8, 9, 10, 8, 7, 6, 4, 6, 10, 10, 6]",89.1,141055248,557056000,0.253215562,,,,,,,,,,,,
"[2, 10, 10, 10, 10, 10, 8, 9, 10, 8, 8, 6, 4, 6, 10, 10, 6]",88.8,140997202,557056000,0.25311136,,,,,,,,,,,,
"[2, 10, 10, 10, 10, 10, 8, 9, 10, 8, 8, 6, 4, 6, 10, 10, 7]",88.9,140960072,557056000,0.253044706,,,,,,,,,,,,
"[2, 10, 10, 10, 10, 10, 8, 9, 10, 8, 8, 6, 4, 6, 10, 10, 8]",89,140914590,557056000,0.252963059,,,,,,,,,,,,
"[2, 10, 10, 10, 10, 10, 8, 9, 10, 8, 8, 6, 4, 6, 10, 10, 9]",88.9,140879246,557056000,0.252899612,,,,,,,,,,,,
"[2, 10, 10, 10, 10, 10, 8, 9, 10, 8, 8, 6, 4, 6, 10, 10, 10]",89,140839538,557056000,0.25282833,,,,,,,,,,,,
"[3, 10, 10, 10, 10, 10, 8, 9, 10, 8, 8, 6, 4, 6, 10, 10, 10]",88.9,140833417,557056000,0.252817342,,,,,,,,,,,,
"[4, 10, 10, 10, 10, 10, 8, 9, 10, 8, 8, 6, 4, 6, 10, 10, 10]",89.4,130253806,557056000,0.233825335,,,,,,,,,,,,
"[5, 10, 10, 10, 10, 10, 8, 9, 10, 8, 8, 6, 4, 6, 10, 10, 10]",88.9,130184229,557056000,0.233700434,,,,,,,,,,,,
"[6, 10, 10, 10, 10, 10, 8, 9, 10, 8, 8, 6, 4, 6, 10, 10, 10]",89.1,130075623,557056000,0.23350547,,,,,,,,,,,,
"[7, 10, 10, 10, 10, 10, 8, 9, 10, 8, 8, 6, 4, 6, 10, 10, 10]",89.1,129944155,557056000,0.233269465,,,,,,,,,,,,
"[8, 10, 10, 10, 10, 10, 8, 9, 10, 8, 8, 6, 4, 6, 10, 10, 10]",89,129911916,557056000,0.233211591,,,,,,,,,,,,
"[9, 10, 10, 10, 10, 10, 8, 9, 10, 8, 8, 6, 4, 6, 10, 10, 10]",89.2,129857013,557056000,0.233113032,,,,,,,,,,,,
"[10, 10, 10, 10, 10, 10, 8, 9, 10, 8, 8, 6, 4, 6, 10, 10, 10]",89.1,129805525,557056000,0.233020603,,,,,,,,,,,,
"[10, 10, 10, 10, 10, 10, 8, 10, 10, 8, 8, 6, 4, 6, 10, 10, 10]",89.9,129665035,557056000,0.232768402,,,,,,,,,,,,
"[10, 10, 10, 10, 10, 10, 8, 10, 10, 8, 8, 6, 5, 6, 10, 10, 10]",90.1,129477200,557056000,0.23243121,,,,,,,,,,,,
"[10, 10, 10, 10, 10, 10, 8, 10, 10, 8, 8, 6, 6, 6, 10, 10, 10]",89.4,129305335,557056000,0.232122686,,,,,,,,,,,,
"[10, 10, 10, 10, 10, 10, 8, 10, 10, 8, 8, 6, 7, 6, 10, 10, 10]",89.8,129224441,557056000,0.231977469,,,,,,,,,,,,
"[10, 10, 10, 10, 10, 10, 8, 10, 10, 8, 8, 6, 8, 6, 10, 10, 10]",89.7,129142138,557056000,0.231829723,,,,,,,,,,,,
"[10, 10, 10, 10, 10, 10, 8, 10, 10, 8, 8, 6, 9, 6, 10, 10, 10]",89.8,129127951,557056000,0.231804255,,,,,,,,,,,,
"[10, 10, 10, 10, 10, 10, 8, 10, 10, 8, 8, 6, 10, 6, 10, 10, 10]",89.7,129084388,557056000,0.231726053,,,,,,,,,,,,
"[10, 10, 10, 10, 10, 10, 9, 10, 10, 8, 8, 6, 10, 6, 10, 10, 10]",90.1,128886652,557056000,0.231371087,,,,,,,,,,,,
"[10, 10, 10, 10, 10, 10, 10, 10, 10, 8, 8, 6, 10, 6, 10, 10, 10]",90.2,128396696,557056000,0.230491541,,,,,,,,,,,,
"[10, 10, 10, 10, 10, 10, 10, 10, 10, 8, 8, 7, 10, 6, 10, 10, 10]",90.2,128315918,557056000,0.230346532,,,,,,,,,,,,
"[10, 10, 10, 10, 10, 10, 10, 10, 10, 8, 8, 8, 10, 6, 10, 10, 10]",89.7,128267685,557056000,0.230259947,,,,,,,,,,,,
"[10, 10, 10, 10, 10, 10, 10, 10, 10, 8, 8, 9, 10, 6, 10, 10, 10]",90.4,128229172,557056000,0.23019081,,,,,,,,,,,,
"[10, 10, 10, 10, 10, 10, 10, 10, 10, 8, 8, 10, 10, 6, 10, 10, 10]",90.5,128159364,557056000,0.230065494,,,,,,,,,,,,
"[10, 10, 10, 10, 10, 10, 10, 10, 10, 8, 9, 10, 10, 6, 10, 10, 10]",89.8,128080390,557056000,0.229923724,,,,,,,,,,,,
"[10, 10, 10, 10, 10, 10, 10, 10, 10, 8, 10, 10, 10, 6, 10, 10, 10]",90.8,127988726,557056000,0.229759173,,,,,,,,,,,,
"[10, 10, 10, 10, 10, 10, 10, 10, 10, 9, 10, 10, 10, 6, 10, 10, 10]",90.8,127914248,557056000,0.229625474,,,,,,,,,,,,
"[10, 10, 10, 10, 10, 10, 10, 10, 10, 10, 10, 10, 10, 6, 10, 10, 10]",90.9,127844013,557056000,0.229499391,,,,,,,,,,,,
"[10, 10, 10, 10, 10, 10, 10, 10, 10, 10, 10, 10, 10, 7, 10, 10, 10]",91.1,127788075,557056000,0.229398974,,,,,,,,,,,,
"[10, 10, 10, 10, 10, 10, 10, 10, 10, 10, 10, 10, 10, 8, 10, 10, 10]",91.3,127771806,557056000,0.229369769,,,,,,,,,,,,
"[10, 10, 10, 10, 10, 10, 10, 10, 10, 10, 10, 10, 10, 9, 10, 10, 10]",91,127735806,557056000,0.229305143,,,,,,,,,,,,
"[10, 10, 10, 10, 10, 10, 10, 10, 10, 10, 10, 10, 10, 10, 10, 10, 10]",91.4,127639020,557056000,0.229131398,,,,,,,,,,,,
"[10, 10, 10, 10, 10, 10, 10, 10, 10, 10, 10, 10, 10, 10, 10, 10, 11]",91.4,126271516,557056000,0.226676521,,,,,,,,,,,,
"[10, 10, 10, 10, 10, 10, 10, 10, 10, 10, 10, 10, 10, 10, 10, 11, 11]",91.2,124973952,557056000,0.224347197,,,,,,,,,,,,
"[10, 10, 10, 10, 10, 10, 10, 10, 10, 10, 10, 10, 10, 10, 11, 11, 11]",91.3,123540186,557056000,0.221773369,,,,,,,,,,,,
"[10, 10, 10, 10, 10, 10, 10, 10, 10, 10, 10, 10, 10, 11, 11, 11, 11]",91.1,121754898,557056000,0.218568507,,,,,,,,,,,,
"[10, 10, 10, 10, 10, 10, 10, 10, 10, 10, 10, 10, 11, 11, 11, 11, 11]",91.6,116911956,557056000,0.209874691,,,,,,,,,,,,
"[10, 10, 10, 10, 10, 10, 10, 10, 10, 10, 10, 11, 11, 11, 11, 11, 11]",91.9,111179912,557056000,0.199584803,,,,,,,,,,,,
"[10, 10, 10, 10, 10, 10, 10, 10, 10, 10, 11, 11, 11, 11, 11, 11, 11]",92.2,105820976,557056000,0.1899647,,,,,,,,,,,,
"[10, 10, 10, 10, 10, 10, 10, 10, 10, 11, 11, 11, 11, 11, 11, 11, 11]",92.7,101598190,557056000,0.182384159,,,,,,,,,,,,
"[10, 10, 10, 10, 10, 10, 10, 10, 11, 11, 11, 11, 11, 11, 11, 11, 11]",92.8,95094584,557056000,0.1707092,,,,,,,,,,,,
"[10, 10, 10, 10, 10, 10, 10, 11, 11, 11, 11, 11, 11, 11, 11, 11, 11]",93.4,83609674,557056000,0.150092045,,,,,,,,,,,,
"[10, 10, 10, 10, 10, 10, 11, 11, 11, 11, 11, 11, 11, 11, 11, 11, 11]",93.7,76151254,557056000,0.13670305,,,,,,,,,,,,
"[10, 10, 10, 10, 10, 11, 11, 11, 11, 11, 11, 11, 11, 11, 11, 11, 11]",93.5,68496066,557056000,0.122960826,,,,,,,,,,,,
"[10, 10, 10, 10, 11, 11, 11, 11, 11, 11, 11, 11, 11, 11, 11, 11, 11]",93.5,62796524,557056000,0.112729284,,,,,,,,,,,,
"[10, 10, 10, 11, 11, 11, 11, 11, 11, 11, 11, 11, 11, 11, 11, 11, 11]",94,48743434,557056000,0.087501856,,,,,,,,,,,,
"[10, 10, 11, 11, 11, 11, 11, 11, 11, 11, 11, 11, 11, 11, 11, 11, 11]",93.7,34162556,557056000,0.061326969,,,,,,,,,,,,
"[10, 11, 11, 11, 11, 11, 11, 11, 11, 11, 11, 11, 11, 11, 11, 11, 11]",93.6,20100816,557056000,0.036084013,,,,,,,,,,,,
"[11, 11, 11, 11, 11, 11, 11, 11, 11, 11, 11, 11, 11, 11, 11, 11, 11]",93.5,0,557056000,0,,,,,,,,,,,,
